Year,Rank,Player,Club,Nationality,Points,P1,P2,P3,P4,P5,Votes,RankPts,Share,Percent,Voted,Season,Goals,Assists,Yellow cards,Sesond yellow cards,Red cards,Minutes played,Goals conceded,Clean sheets,Champions_League_appearances,Champions_League_Qu._appearances,UEFA_Cup_appearances,Club_World_Cup_appearances,UEFA_Super_Cup_appearances,UEFA-Cup_Qualifikation_appearances,UI_Cup_appearances,Europa_League_appearances,Europa_League_Qualifying_appearances,Libertadores_appearances,Recopa_Sudamericana_appearances,Conference_League_appearances,UECL_Qualifiers_appearances,Leagues_Cup_appearances,Month,Trend
8.0,1.0,Cristiano Ronaldo,Manchester United,Portugal,446.0,77.0,11.0,4.0,1.0,3.0,96.0,50.0,0.3097,0.9292,1.0,8.0,8.0,1.0,2.0,0.0,0.0,1016.0,0.0,0.0,11.0,0.0,0.0,0.0,0.0,0.0,0.0,0.0,0.0,0.0,0.0,0.0,0.0,0.0,8.0,0.4621653084982539
8.0,2.0,Lionel Messi,FC Barcelona,Argentina,281.0,6.0,33.0,27.0,14.0,10.0,90.0,25.0,0.1951,0.5854,0.9375,8.0,6.0,2.0,2.0,0.0,0.0,726.0,0.0,0.0,9.0,0.0,0.0,0.0,0.0,0.0,0.0,0.0,0.0,0.0,0.0,0.0,0.0,0.0,8.0,0.04656577415599535
8.0,3.0,Fernando Torres,Liverpool FC,Spain,179.0,5.0,13.0,24.0,9.0,12.0,63.0,16.7,0.1243,0.3729,0.6563,8.0,6.0,0.0,1.0,0.0,0.0,886.0,0.0,0.0,10.0,1.0,0.0,0.0,0.0,0.0,0.0,0.0,0.0,0.0,0.0,0.0,0.0,0.0,8.0,0.4039580908032597
8.0,4.0,Iker Casillas,Real Madrid,Spain,133.0,2.0,16.0,12.0,8.0,7.0,45.0,12.5,0.0924,0.2771,0.4688,8.0,0.0,0.0,1.0,0.0,0.0,720.0,13.0,1.0,8.0,0.0,0.0,0.0,0.0,0.0,0.0,0.0,0.0,0.0,0.0,0.0,0.0,0.0,8.0,0.0
8.0,5.0,Xavi,FC Barcelona,Spain,97.0,3.0,9.0,4.0,15.0,4.0,35.0,10.0,0.0674,0.2021,0.3646,8.0,1.0,1.0,1.0,0.0,0.0,974.0,0.0,0.0,12.0,0.0,0.0,0.0,0.0,0.0,0.0,0.0,0.0,0.0,0.0,0.0,0.0,0.0,8.0,0.20838183934807916
8.0,6.0,Andrei Arshavin,Zenit St. Petersburg,Russia,64.0,0.0,3.0,4.0,10.0,20.0,37.0,8.3,0.0444,0.1333,0.3854,8.0,4.0,5.0,3.0,0.0,0.0,1215.0,0.0,0.0,0.0,0.0,14.0,0.0,0.0,0.0,0.0,0.0,0.0,0.0,0.0,0.0,0.0,0.0,8.0,0.0
8.0,7.0,David Villa,Valencia CF,Spain,55.0,1.0,2.0,4.0,10.0,10.0,27.0,7.1,0.0382,0.1146,0.2813,8.0,3.0,0.0,1.0,0.0,0.0,516.0,0.0,0.0,5.0,2.0,0.0,0.0,0.0,0.0,0.0,0.0,0.0,0.0,0.0,0.0,0.0,0.0,8.0,0.11525029103608848
8.0,8.0,Kaká,AC Milan,Brazil,31.0,0.0,4.0,2.0,4.0,1.0,11.0,6.3,0.0215,0.0646,0.1146,8.0,4.0,4.0,3.0,0.0,0.0,990.0,0.0,0.0,8.0,0.0,0.0,2.0,1.0,0.0,0.0,0.0,0.0,0.0,0.0,0.0,0.0,0.0,8.0,0.24097788125727593
8.0,9.0,Zlatan Ibrahimović,FC Internazionale,Sweden,30.0,0.0,1.0,4.0,5.0,4.0,14.0,5.6,0.0208,0.0625,0.1458,8.0,5.0,0.0,3.0,0.0,0.0,602.0,0.0,0.0,7.0,0.0,0.0,0.0,0.0,0.0,0.0,0.0,0.0,0.0,0.0,0.0,0.0,0.0,8.0,0.020954598370197905
8.0,10.0,Steven Gerrard,Liverpool FC,England,28.0,0.0,2.0,2.0,5.0,4.0,13.0,5.0,0.0194,0.0583,0.1354,8.0,6.0,4.0,2.0,0.0,0.0,1157.0,0.0,0.0,12.0,1.0,0.0,0.0,0.0,0.0,0.0,0.0,0.0,0.0,0.0,0.0,0.0,0.0,8.0,0.2817229336437719
8.0,11.0,Marcos Senna,Villarreal CF,Spain,16.0,1.0,0.0,2.0,1.0,3.0,7.0,4.5,0.0111,0.0333,0.0729,8.0,1.0,0.0,0.0,0.0,0.0,287.0,0.0,0.0,0.0,0.0,4.0,0.0,0.0,0.0,0.0,0.0,0.0,0.0,0.0,0.0,0.0,0.0,8.0,0.2654249126891735
8.0,12.0,Emmanuel Adebayor,Arsenal FC,Togo,12.0,0.0,1.0,0.0,2.0,4.0,7.0,4.2,0.0083,0.025,0.0729,8.0,3.0,1.0,2.0,0.0,0.0,631.0,0.0,0.0,8.0,1.0,0.0,0.0,0.0,0.0,0.0,0.0,0.0,0.0,0.0,0.0,0.0,0.0,8.0,0.250291036088475
8.0,13.0,Wayne Rooney,Manchester United,England,11.0,0.0,0.0,1.0,2.0,4.0,7.0,3.8,0.0076,0.0229,0.0729,8.0,4.0,1.0,1.0,0.0,0.0,866.0,0.0,0.0,11.0,0.0,0.0,0.0,0.0,0.0,0.0,0.0,0.0,0.0,0.0,0.0,0.0,0.0,8.0,0.09895227008149012
8.0,14.0,Sergio Agüero,Atlético de Madrid,Argentina,10.0,0.0,1.0,1.0,1.0,1.0,4.0,3.6,0.0069,0.0208,0.0417,8.0,6.0,3.0,0.0,0.0,1.0,561.0,0.0,0.0,0.0,0.0,7.0,0.0,0.0,1.0,1.0,0.0,0.0,0.0,0.0,0.0,0.0,0.0,8.0,0.1280558789289872
8.0,15.0,Frank Lampard,Chelsea FC,England,8.0,0.0,0.0,0.0,4.0,0.0,4.0,3.3,0.0056,0.0167,0.0417,8.0,4.0,2.0,1.0,0.0,0.0,893.0,0.0,0.0,11.0,0.0,0.0,0.0,0.0,0.0,0.0,0.0,0.0,0.0,0.0,0.0,0.0,0.0,8.0,0.45401629802095467
8.0,16.0,Franck Ribéry,Bayern Munich,France,7.0,0.0,0.0,1.0,1.0,2.0,4.0,3.1,0.0049,0.0146,0.0417,8.0,3.0,7.0,1.0,0.0,0.0,869.0,0.0,0.0,0.0,0.0,11.0,0.0,0.0,0.0,0.0,0.0,0.0,0.0,0.0,0.0,0.0,0.0,8.0,0.2351571594877765
8.0,17.0,Samuel Eto'o,FC Barcelona,Cameroon,6.0,0.0,0.0,1.0,1.0,1.0,3.0,2.9,0.0042,0.0125,0.0313,8.0,1.0,0.0,0.0,0.0,0.0,504.0,0.0,0.0,7.0,0.0,0.0,0.0,0.0,0.0,0.0,0.0,0.0,0.0,0.0,0.0,0.0,0.0,8.0,0.3667054714784634
8.0,19.0,Cesc Fàbregas,Arsenal FC,Spain,4.0,0.0,0.0,1.0,0.0,1.0,2.0,2.6,0.0028,0.0083,0.0208,8.0,6.0,2.0,1.0,0.0,0.0,799.0,0.0,0.0,8.0,2.0,0.0,0.0,0.0,0.0,0.0,0.0,0.0,0.0,0.0,0.0,0.0,0.0,8.0,0.0
8.0,19.0,Michael Ballack,Chelsea FC,Germany,4.0,0.0,0.0,0.0,1.0,2.0,3.0,2.6,0.0028,0.0083,0.0313,8.0,2.0,2.0,1.0,0.0,0.0,682.0,0.0,0.0,7.0,0.0,0.0,0.0,0.0,0.0,0.0,0.0,0.0,0.0,0.0,0.0,0.0,0.0,8.0,0.30966239813736907
8.0,21.0,Didier Drogba,Chelsea FC,Ivory Coast,3.0,0.0,0.0,0.0,1.0,1.0,2.0,2.4,0.0021,0.0063,0.0208,8.0,6.0,1.0,0.0,0.0,1.0,1024.0,0.0,0.0,11.0,0.0,0.0,0.0,0.0,0.0,0.0,0.0,0.0,0.0,0.0,0.0,0.0,0.0,8.0,0.1909196740395809
8.0,21.0,Nemanja Vidić,Manchester United,Serbia,3.0,0.0,0.0,1.0,0.0,0.0,1.0,2.4,0.0021,0.0063,0.0104,8.0,0.0,0.0,1.0,0.0,0.0,783.0,0.0,0.0,9.0,0.0,0.0,0.0,0.0,0.0,0.0,0.0,0.0,0.0,0.0,0.0,0.0,0.0,8.0,0.16763678696158324
8.0,21.0,Sergio Ramos,Real Madrid,Spain,3.0,0.0,0.0,1.0,0.0,0.0,1.0,2.4,0.0021,0.0063,0.0104,8.0,0.0,1.0,3.0,0.0,0.0,630.0,0.0,0.0,7.0,0.0,0.0,0.0,0.0,0.0,0.0,0.0,0.0,0.0,0.0,0.0,0.0,0.0,8.0,0.11874272409778813
8.0,24.0,Edwin van der Sar,Manchester United,Netherlands,2.0,0.0,0.0,0.0,1.0,0.0,1.0,2.1,0.0014,0.0042,0.0104,8.0,0.0,0.0,1.0,0.0,0.0,876.0,4.0,7.0,10.0,0.0,0.0,0.0,0.0,0.0,0.0,0.0,0.0,0.0,0.0,0.0,0.0,0.0,8.0,0.10244470314318976
8.0,24.0,Ruud van Nistelrooy,Real Madrid,Netherlands,2.0,0.0,0.0,0.0,0.0,2.0,2.0,2.1,0.0014,0.0042,0.0208,8.0,4.0,4.0,1.0,0.0,0.0,613.0,0.0,0.0,7.0,0.0,0.0,0.0,0.0,0.0,0.0,0.0,0.0,0.0,0.0,0.0,0.0,0.0,8.0,0.30034924330617
9.0,1.0,Lionel Messi,FC Barcelona,Argentina,473.0,90.0,5.0,1.0,0.0,0.0,96.0,50.0,0.3285,0.9854,1.0,9.0,9.0,5.0,1.0,0.0,0.0,927.0,0.0,0.0,12.0,0.0,0.0,0.0,0.0,0.0,0.0,0.0,0.0,0.0,0.0,0.0,0.0,0.0,9.0,0.08032596041909197
9.0,2.0,Cristiano Ronaldo,Manchester United,Portugal,233.0,0.0,32.0,25.0,11.0,8.0,76.0,25.0,0.1618,0.4854,0.7917,9.0,5.0,4.0,2.0,0.0,0.0,1190.0,0.0,0.0,12.0,0.0,0.0,2.0,0.0,0.0,0.0,0.0,0.0,0.0,0.0,0.0,0.0,0.0,9.0,0.5087310826542492
9.0,3.0,Xavi,FC Barcelona,Spain,170.0,0.0,23.0,12.0,18.0,6.0,59.0,16.7,0.1181,0.3542,0.6146,9.0,3.0,7.0,1.0,0.0,0.0,1119.0,0.0,0.0,12.0,2.0,0.0,0.0,0.0,0.0,0.0,0.0,0.0,0.0,0.0,0.0,0.0,0.0,9.0,0.23748544819557627
9.0,4.0,Andrés Iniesta,FC Barcelona,Spain,149.0,2.0,9.0,20.0,17.0,9.0,57.0,12.5,0.1035,0.3104,0.5938,9.0,1.0,3.0,2.0,0.0,0.0,920.0,0.0,0.0,9.0,2.0,0.0,0.0,0.0,0.0,0.0,0.0,0.0,0.0,0.0,0.0,0.0,0.0,9.0,0.16647264260768335
9.0,5.0,Samuel Eto'o,FC Barcelona,Cameroon,75.0,2.0,9.0,7.0,3.0,2.0,23.0,10.0,0.0521,0.1563,0.2396,9.0,6.0,3.0,1.0,0.0,0.0,948.0,0.0,0.0,10.0,2.0,0.0,0.0,0.0,0.0,0.0,0.0,0.0,0.0,0.0,0.0,0.0,0.0,9.0,0.46798603026775326
9.0,6.0,Kaká,AC Milan,Brazil,58.0,1.0,4.0,7.0,4.0,8.0,24.0,8.3,0.0403,0.1208,0.25,9.0,0.0,2.0,0.0,0.0,0.0,271.0,0.0,0.0,0.0,0.0,4.0,0.0,0.0,0.0,0.0,0.0,0.0,0.0,0.0,0.0,0.0,0.0,9.0,0.28754365541327126
9.0,7.0,Zlatan Ibrahimović,FC Internazionale,Sweden,50.0,0.0,5.0,1.0,9.0,9.0,24.0,7.1,0.0347,0.1042,0.25,9.0,1.0,3.0,0.0,0.0,0.0,674.0,0.0,0.0,8.0,0.0,0.0,0.0,0.0,0.0,0.0,0.0,0.0,0.0,0.0,0.0,0.0,0.0,9.0,0.026775320139697325
9.0,8.0,Wayne Rooney,Manchester United,England,35.0,0.0,0.0,7.0,5.0,4.0,16.0,6.3,0.0243,0.0729,0.1667,9.0,7.0,3.0,3.0,0.0,0.0,1150.0,0.0,0.0,13.0,0.0,0.0,2.0,1.0,0.0,0.0,0.0,0.0,0.0,0.0,0.0,0.0,0.0,9.0,0.10128055878928988
9.0,9.0,Didier Drogba,Chelsea FC,Ivory Coast,33.0,0.0,0.0,4.0,9.0,3.0,16.0,5.6,0.0229,0.0688,0.1667,9.0,5.0,1.0,2.0,0.0,0.0,662.0,0.0,0.0,10.0,0.0,0.0,0.0,0.0,0.0,0.0,0.0,0.0,0.0,0.0,0.0,0.0,0.0,9.0,0.1909196740395809
9.0,10.0,Steven Gerrard,Liverpool FC,England,32.0,1.0,2.0,1.0,4.0,8.0,16.0,5.0,0.0222,0.0667,0.1667,9.0,7.0,1.0,1.0,0.0,0.0,700.0,0.0,0.0,8.0,2.0,0.0,0.0,0.0,0.0,0.0,0.0,0.0,0.0,0.0,0.0,0.0,0.0,9.0,0.2840512223515716
9.0,11.0,Fernando Torres,Liverpool FC,Spain,22.0,0.0,1.0,2.0,3.0,6.0,12.0,4.5,0.0153,0.0458,0.125,9.0,2.0,1.0,1.0,0.0,0.0,770.0,0.0,0.0,7.0,2.0,0.0,0.0,0.0,0.0,0.0,0.0,0.0,0.0,0.0,0.0,0.0,0.0,9.0,0.2945285215366706
9.0,12.0,Cesc Fàbregas,Arsenal FC,Spain,13.0,0.0,2.0,0.0,2.0,1.0,5.0,4.2,0.009,0.0271,0.0521,9.0,0.0,6.0,1.0,0.0,0.0,878.0,0.0,0.0,9.0,1.0,0.0,0.0,0.0,0.0,0.0,0.0,0.0,0.0,0.0,0.0,0.0,0.0,9.0,0.0
9.0,13.0,Edin Džeko,VfL Wolfsburg,Bosnia & Herzegovina,12.0,0.0,0.0,0.0,2.0,8.0,10.0,3.8,0.0083,0.025,0.1042,9.0,4.0,2.0,1.0,0.0,0.0,720.0,0.0,0.0,0.0,0.0,8.0,0.0,0.0,0.0,0.0,0.0,0.0,0.0,0.0,0.0,0.0,0.0,9.0,0.18859138533178116
9.0,14.0,Ryan Giggs,Manchester United,Wales,11.0,0.0,1.0,1.0,1.0,2.0,5.0,3.6,0.0076,0.0229,0.0521,9.0,1.0,6.0,0.0,0.0,0.0,735.0,0.0,0.0,11.0,0.0,0.0,1.0,0.0,0.0,0.0,0.0,0.0,0.0,0.0,0.0,0.0,0.0,9.0,0.03841676367869616
9.0,15.0,Thierry Henry,FC Barcelona,France,9.0,0.0,0.0,2.0,1.0,1.0,4.0,3.3,0.0063,0.0188,0.0417,9.0,6.0,4.0,2.0,0.0,0.0,876.0,0.0,0.0,10.0,2.0,0.0,0.0,0.0,0.0,0.0,0.0,0.0,0.0,0.0,0.0,0.0,0.0,9.0,0.0
9.0,16.0,Iker Casillas,Real Madrid,Spain,8.0,0.0,1.0,0.0,0.0,4.0,5.0,3.1,0.0056,0.0167,0.0521,9.0,0.0,0.0,0.0,0.0,0.0,630.0,10.0,2.0,7.0,0.0,0.0,0.0,0.0,0.0,0.0,0.0,0.0,0.0,0.0,0.0,0.0,0.0,9.0,0.0
9.0,16.0,Luís Fabiano Clemente,Sevilla FC,Brazil,8.0,0.0,1.0,1.0,0.0,1.0,3.0,3.1,0.0056,0.0167,0.0313,9.0,2.0,0.0,0.0,0.0,0.0,338.0,0.0,0.0,0.0,0.0,4.0,0.0,0.0,0.0,0.0,0.0,0.0,0.0,0.0,0.0,0.0,0.0,,
9.0,16.0,Nemanja Vidić,Manchester United,Serbia,8.0,0.0,0.0,1.0,1.0,3.0,5.0,3.1,0.0056,0.0167,0.0521,9.0,3.0,0.0,2.0,0.0,1.0,1019.0,0.0,0.0,9.0,0.0,0.0,2.0,1.0,0.0,0.0,0.0,0.0,0.0,0.0,0.0,0.0,0.0,9.0,0.3853317811408615
9.0,19.0,Diego Forlán,Atlético de Madrid,Uruguay,7.0,0.0,1.0,0.0,1.0,1.0,3.0,2.6,0.0049,0.0146,0.0313,9.0,2.0,1.0,1.0,0.0,0.0,605.0,0.0,0.0,7.0,2.0,0.0,0.0,0.0,0.0,0.0,0.0,0.0,0.0,0.0,0.0,0.0,0.0,9.0,0.0
9.0,20.0,Yoann Gourcuff,FC Girondins Bordeaux,France,6.0,0.0,0.0,2.0,0.0,0.0,2.0,2.5,0.0042,0.0125,0.0208,9.0,2.0,2.0,2.0,0.0,0.0,630.0,0.0,0.0,6.0,0.0,1.0,0.0,0.0,0.0,0.0,0.0,0.0,0.0,0.0,0.0,0.0,0.0,9.0,0.15483119906868453
9.0,21.0,Andrei Arshavin,Zenit St. Petersburg,Russia,5.0,0.0,0.0,1.0,1.0,0.0,2.0,2.4,0.0035,0.0104,0.0208,9.0,0.0,1.0,1.0,0.0,0.0,509.0,0.0,0.0,6.0,0.0,0.0,0.0,1.0,0.0,0.0,0.0,0.0,0.0,0.0,0.0,0.0,0.0,9.0,0.0
9.0,21.0,Frank Lampard,Chelsea FC,England,5.0,0.0,0.0,0.0,2.0,1.0,3.0,2.4,0.0035,0.0104,0.0313,9.0,3.0,7.0,1.0,1.0,0.0,967.0,0.0,0.0,11.0,0.0,0.0,0.0,0.0,0.0,0.0,0.0,0.0,0.0,0.0,0.0,0.0,0.0,9.0,0.43189755529685686
9.0,21.0,Júlio César Soares Espíndola,FC Internazionale,Brazil,5.0,0.0,0.0,0.0,1.0,3.0,4.0,2.4,0.0035,0.0104,0.0417,9.0,0.0,0.0,0.0,0.0,0.0,630.0,9.0,2.0,7.0,0.0,0.0,0.0,0.0,0.0,0.0,0.0,0.0,0.0,0.0,0.0,0.0,0.0,9.0,0.07450523864959255
9.0,24.0,Maicon,FC Internazionale,Brazil,4.0,0.0,0.0,0.0,1.0,2.0,3.0,2.1,0.0028,0.0083,0.0313,9.0,1.0,1.0,2.0,0.0,0.0,720.0,0.0,0.0,8.0,0.0,0.0,0.0,0.0,0.0,0.0,0.0,0.0,0.0,0.0,0.0,0.0,0.0,9.0,0.34924330616996513
9.0,25.0,Diego Ribas da Cunha,SV Werder Bremen,Brazil,3.0,0.0,0.0,1.0,0.0,0.0,1.0,2.0,0.0021,0.0063,0.0104,9.0,7.0,1.0,5.0,0.0,0.0,1148.0,0.0,0.0,5.0,0.0,8.0,0.0,0.0,0.0,0.0,0.0,0.0,0.0,0.0,0.0,0.0,0.0,9.0,0.7497089639115251
9.0,26.0,David Villa,Valencia CF,Spain,2.0,0.0,0.0,0.0,0.0,2.0,2.0,1.9,0.0014,0.0042,0.0208,9.0,1.0,0.0,2.0,0.0,0.0,167.0,0.0,0.0,0.0,0.0,5.0,0.0,0.0,0.0,0.0,0.0,0.0,0.0,0.0,0.0,0.0,0.0,9.0,0.10477299185098954
9.0,26.0,John Terry,Chelsea FC,England,2.0,0.0,0.0,0.0,0.0,2.0,2.0,1.9,0.0014,0.0042,0.0208,9.0,2.0,0.0,3.0,0.0,0.0,990.0,0.0,0.0,11.0,0.0,0.0,0.0,0.0,0.0,0.0,0.0,0.0,0.0,0.0,0.0,0.0,0.0,9.0,0.0919674039580908
9.0,28.0,Franck Ribéry,Bayern Munich,France,1.0,0.0,0.0,0.0,0.0,1.0,1.0,1.8,0.0007,0.0021,0.0104,9.0,4.0,7.0,1.0,0.0,0.0,712.0,0.0,0.0,8.0,0.0,0.0,0.0,0.0,0.0,0.0,0.0,0.0,0.0,0.0,0.0,0.0,0.0,9.0,0.18160651920838186
9.0,28.0,Yaya Touré,FC Barcelona,Ivory Coast,1.0,0.0,0.0,0.0,0.0,1.0,1.0,1.8,0.0007,0.0021,0.0104,9.0,0.0,0.0,1.0,0.0,0.0,917.0,0.0,0.0,10.0,2.0,0.0,0.0,0.0,0.0,0.0,0.0,0.0,0.0,0.0,0.0,0.0,0.0,9.0,0.1362048894062864
10.0,1.0,Lionel Messi,FC Barcelona,Argentina,,,,,,,0.0,50.0,0.2265,0.4077,0.0,10.0,10.0,1.0,2.0,0.0,0.0,1263.0,0.0,0.0,11.0,0.0,0.0,2.0,1.0,0.0,0.0,0.0,0.0,0.0,0.0,0.0,0.0,0.0,10.0,0.19557625145518046
10.0,2.0,Andrés Iniesta,FC Barcelona,Spain,,,,,,,0.0,25.0,0.1736,0.3125,0.0,10.0,0.0,2.0,1.0,0.0,0.0,670.0,0.0,0.0,9.0,0.0,0.0,1.0,0.0,0.0,0.0,0.0,0.0,0.0,0.0,0.0,0.0,0.0,10.0,0.25960419091967407
10.0,3.0,Xavi,FC Barcelona,Spain,,,,,,,0.0,16.7,0.1648,0.2966,0.0,10.0,1.0,3.0,1.0,0.0,0.0,1320.0,0.0,0.0,11.0,0.0,0.0,2.0,1.0,0.0,0.0,0.0,0.0,0.0,0.0,0.0,0.0,0.0,10.0,0.4051222351571595
10.0,4.0,Wesley Sneijder,FC Internazionale,Netherlands,,,,,,,0.0,12.5,0.1447,0.2605,0.0,10.0,3.0,6.0,0.0,0.0,0.0,948.0,0.0,0.0,11.0,0.0,0.0,0.0,0.0,0.0,0.0,0.0,0.0,0.0,0.0,0.0,0.0,0.0,10.0,0.220023282887078
10.0,5.0,Diego Forlán,Atlético de Madrid,Uruguay,,,,,,,0.0,10.0,0.0761,0.137,0.0,10.0,7.0,2.0,3.0,0.0,0.0,1395.0,0.0,0.0,6.0,2.0,0.0,0.0,0.0,0.0,0.0,9.0,0.0,0.0,0.0,0.0,0.0,0.0,10.0,0.0
10.0,6.0,Cristiano Ronaldo,Real Madrid,Portugal,,,,,,,0.0,8.3,0.0392,0.0706,0.0,10.0,7.0,1.0,0.0,0.0,0.0,450.0,0.0,0.0,6.0,0.0,0.0,0.0,0.0,0.0,0.0,0.0,0.0,0.0,0.0,0.0,0.0,0.0,10.0,0.6344586728754366
10.0,7.0,Iker Casillas,Real Madrid,Spain,,,,,,,0.0,7.1,0.029,0.0522,0.0,10.0,0.0,0.0,2.0,0.0,0.0,720.0,9.0,2.0,8.0,0.0,0.0,0.0,0.0,0.0,0.0,0.0,0.0,0.0,0.0,0.0,0.0,0.0,10.0,0.0
10.0,8.0,David Villa,Valencia CF,Spain,,,,,,,0.0,6.3,0.0225,0.0405,0.0,10.0,7.0,0.0,2.0,0.0,1.0,786.0,0.0,0.0,0.0,0.0,0.0,0.0,0.0,0.0,0.0,10.0,1.0,0.0,0.0,0.0,0.0,0.0,10.0,0.3189755529685681
10.0,9.0,Didier Drogba,Chelsea FC,Ivory Coast,,,,,,,0.0,5.6,0.0168,0.0302,0.0,10.0,3.0,0.0,1.0,0.0,1.0,447.0,0.0,0.0,5.0,0.0,0.0,0.0,0.0,0.0,0.0,0.0,0.0,0.0,0.0,0.0,0.0,0.0,10.0,0.32363213038416766
10.0,10.0,Xabi Alonso,Real Madrid,Spain,,,,,,,0.0,5.0,0.0152,0.0274,0.0,10.0,0.0,0.0,3.0,0.0,0.0,586.0,0.0,0.0,7.0,0.0,0.0,0.0,0.0,0.0,0.0,0.0,0.0,0.0,0.0,0.0,0.0,0.0,10.0,0.0
10.0,11.0,Carles Puyol,FC Barcelona,Spain,,,,,,,0.0,4.5,0.0143,0.0257,0.0,10.0,0.0,0.0,3.0,0.0,1.0,1134.0,0.0,0.0,9.0,0.0,0.0,2.0,1.0,0.0,0.0,0.0,0.0,0.0,0.0,0.0,0.0,0.0,10.0,0.2933643771827707
10.0,12.0,Samuel Eto'o,FC Internazionale,Cameroon,,,,,,,0.0,4.2,0.0137,0.0247,0.0,10.0,2.0,2.0,2.0,0.0,0.0,1144.0,0.0,0.0,13.0,0.0,0.0,0.0,0.0,0.0,0.0,0.0,0.0,0.0,0.0,0.0,0.0,0.0,10.0,0.3352735739231665
10.0,13.0,Mesut Özil,SV Werder Bremen,Germany,,,,,,,0.0,3.8,0.0121,0.0218,0.0,10.0,1.0,11.0,0.0,0.0,0.0,824.0,0.0,0.0,0.0,0.0,0.0,0.0,0.0,0.0,0.0,8.0,2.0,0.0,0.0,0.0,0.0,0.0,10.0,0.19441210710128057
10.0,14.0,Arjen Robben,Bayern Munich,Netherlands,,,,,,,0.0,3.6,0.0116,0.0209,0.0,10.0,4.0,0.0,0.0,0.0,0.0,691.0,0.0,0.0,10.0,0.0,0.0,0.0,0.0,0.0,0.0,0.0,0.0,0.0,0.0,0.0,0.0,0.0,10.0,0.1711292200232829
10.0,15.0,Thomas Müller,Bayern Munich,Germany,,,,,,,0.0,3.3,0.0091,0.0164,0.0,10.0,2.0,3.0,1.0,1.0,0.0,935.0,0.0,0.0,12.0,0.0,0.0,0.0,0.0,0.0,0.0,0.0,0.0,0.0,0.0,0.0,0.0,0.0,10.0,0.22118742724097792
10.0,16.0,Bastian Schweinsteiger,Bayern Munich,Germany,,,,,,,0.0,3.1,0.0075,0.0135,0.0,10.0,0.0,0.0,3.0,0.0,0.0,1068.0,0.0,0.0,12.0,0.0,0.0,0.0,0.0,0.0,0.0,0.0,0.0,0.0,0.0,0.0,0.0,0.0,10.0,0.19441210710128057
10.0,17.0,Maicon,FC Internazionale,Brazil,,,,,,,0.0,2.9,0.0057,0.0103,0.0,10.0,1.0,1.0,2.0,0.0,0.0,1153.0,0.0,0.0,13.0,0.0,0.0,0.0,0.0,0.0,0.0,0.0,0.0,0.0,0.0,0.0,0.0,0.0,10.0,0.42374854481955765
10.0,19.0,Cesc Fàbregas,Arsenal FC,Spain,,,,,,,0.0,2.6,0.0022,0.004,0.0,10.0,4.0,3.0,3.0,0.0,0.0,696.0,0.0,0.0,7.0,1.0,0.0,0.0,0.0,0.0,0.0,0.0,0.0,0.0,0.0,0.0,0.0,0.0,10.0,0.0
10.0,19.0,Júlio César,FC Internazionale,Brazil,,,,,,,0.0,2.6,0.0022,0.004,0.0,10.0,0.0,0.0,2.0,0.0,0.0,1170.0,9.0,6.0,13.0,0.0,0.0,0.0,0.0,0.0,0.0,0.0,0.0,0.0,0.0,0.0,0.0,0.0,10.0,0.3946449359720606
10.0,21.0,Miroslav Klose,Bayern Munich,Germany,,,,,,,0.0,2.4,0.0019,0.0034,0.0,10.0,1.0,0.0,1.0,0.0,0.0,323.0,0.0,0.0,8.0,0.0,0.0,0.0,0.0,0.0,0.0,0.0,0.0,0.0,0.0,0.0,0.0,0.0,10.0,0.13271245634458675
10.0,22.0,Dani Alves,FC Barcelona,Brazil,,,,,,,0.0,2.3,0.0005,0.0009,0.0,10.0,0.0,3.0,2.0,0.0,0.0,1320.0,0.0,0.0,11.0,0.0,0.0,2.0,1.0,0.0,0.0,0.0,0.0,0.0,0.0,0.0,0.0,0.0,10.0,0.04074505238649593
10.0,22.0,Philipp Lahm,Bayern Munich,Germany,,,,,,,0.0,2.3,0.0005,0.0009,0.0,10.0,0.0,1.0,1.0,0.0,0.0,1170.0,0.0,0.0,13.0,0.0,0.0,0.0,0.0,0.0,0.0,0.0,0.0,0.0,0.0,0.0,0.0,0.0,10.0,0.1443538998835856
11.0,1.0,Lionel Messi,FC Barcelona,Argentina,,,,,,,0.0,50.0,0.4788,0.8618,0.0,11.0,12.0,4.0,0.0,0.0,0.0,1048.0,0.0,0.0,13.0,0.0,0.0,0.0,0.0,0.0,0.0,0.0,0.0,0.0,0.0,0.0,0.0,0.0,11.0,0.22235157159487778
11.0,2.0,Cristiano Ronaldo,Real Madrid,Portugal,,,,,,,0.0,25.0,0.216,0.3888,0.0,11.0,6.0,4.0,2.0,0.0,0.0,1021.0,0.0,0.0,12.0,0.0,0.0,0.0,0.0,0.0,0.0,0.0,0.0,0.0,0.0,0.0,0.0,0.0,11.0,0.49825378346915017
11.0,3.0,Xavi,FC Barcelona,Spain,,,,,,,0.0,16.7,0.0923,0.1661,0.0,11.0,2.0,3.0,0.0,0.0,0.0,951.0,0.0,0.0,12.0,0.0,0.0,0.0,0.0,0.0,0.0,0.0,0.0,0.0,0.0,0.0,0.0,0.0,11.0,0.41909196740395815
11.0,4.0,Andrés Iniesta,FC Barcelona,Spain,,,,,,,0.0,12.5,0.0601,0.1082,0.0,11.0,1.0,7.0,3.0,0.0,0.0,899.0,0.0,0.0,10.0,0.0,0.0,0.0,0.0,0.0,0.0,0.0,0.0,0.0,0.0,0.0,0.0,0.0,11.0,0.20838183934807916
11.0,5.0,Wayne Rooney,Manchester United,England,,,,,,,0.0,10.0,0.0231,0.0416,0.0,11.0,4.0,2.0,0.0,0.0,0.0,803.0,0.0,0.0,9.0,0.0,0.0,0.0,0.0,0.0,0.0,0.0,0.0,0.0,0.0,0.0,0.0,0.0,11.0,0.30151338766006985
11.0,6.0,Luis Suárez Díaz,Ajax Amsterdam,Uruguay,,,,,,,0.0,8.3,0.0148,0.0266,0.0,11.0,4.0,4.0,5.0,0.0,0.0,810.0,0.0,0.0,5.0,4.0,0.0,0.0,0.0,0.0,0.0,0.0,0.0,0.0,0.0,0.0,0.0,0.0,11.0,0.09080325960419093
11.0,7.0,Diego Forlán,Atlético de Madrid,Uruguay,,,,,,,0.0,7.1,0.0143,0.0257,0.0,11.0,1.0,0.0,0.0,0.0,0.0,468.0,0.0,0.0,0.0,0.0,0.0,0.0,1.0,0.0,0.0,6.0,0.0,0.0,0.0,0.0,0.0,0.0,11.0,0.0
11.0,8.0,Samuel Eto'o,FC Internazionale,Cameroon,,,,,,,0.0,6.3,0.0134,0.0241,0.0,11.0,9.0,6.0,0.0,0.0,0.0,1170.0,0.0,0.0,10.0,0.0,0.0,2.0,1.0,0.0,0.0,0.0,0.0,0.0,0.0,0.0,0.0,0.0,11.0,0.4970896391152504
11.0,9.0,Iker Casillas,Real Madrid,Spain,,,,,,,0.0,5.6,0.0129,0.0232,0.0,11.0,0.0,0.0,1.0,0.0,0.0,990.0,6.0,7.0,11.0,0.0,0.0,0.0,0.0,0.0,0.0,0.0,0.0,0.0,0.0,0.0,0.0,0.0,11.0,0.0
11.0,10.0,Neymar,Santos FC,Brazil,,,,,,,0.0,5.0,0.0112,0.0202,0.0,11.0,6.0,3.0,6.0,1.0,0.0,1133.0,0.0,0.0,0.0,0.0,0.0,0.0,0.0,0.0,0.0,0.0,0.0,13.0,0.0,0.0,0.0,0.0,11.0,0.13853317811408616
11.0,11.0,Mesut Özil,Real Madrid,Germany,,,,,,,0.0,4.5,0.0076,0.0137,0.0,11.0,1.0,7.0,0.0,0.0,0.0,801.0,0.0,0.0,11.0,0.0,0.0,0.0,0.0,0.0,0.0,0.0,0.0,0.0,0.0,0.0,0.0,0.0,11.0,0.10477299185098954
11.0,12.0,Wesley Sneijder,FC Internazionale,Netherlands,,,,,,,0.0,4.2,0.0072,0.013,0.0,11.0,3.0,2.0,1.0,0.0,0.0,880.0,0.0,0.0,9.0,0.0,0.0,1.0,1.0,0.0,0.0,0.0,0.0,0.0,0.0,0.0,0.0,0.0,11.0,0.30034924330617
11.0,13.0,Thomas Müller,Bayern Munich,Germany,,,,,,,0.0,3.8,0.0064,0.0115,0.0,11.0,3.0,4.0,0.0,0.0,0.0,620.0,0.0,0.0,8.0,0.0,0.0,0.0,0.0,0.0,0.0,0.0,0.0,0.0,0.0,0.0,0.0,0.0,11.0,0.08963911525029104
11.0,14.0,David Villa,FC Barcelona,Spain,,,,,,,0.0,3.6,0.0053,0.0095,0.0,11.0,4.0,1.0,0.0,0.0,0.0,941.0,0.0,0.0,12.0,0.0,0.0,0.0,0.0,0.0,0.0,0.0,0.0,0.0,0.0,0.0,0.0,0.0,11.0,0.16880093131548315
11.0,15.0,Bastian Schweinsteiger,Bayern Munich,Germany,,,,,,,0.0,3.3,0.005,0.009,0.0,11.0,2.0,2.0,3.0,0.0,0.0,605.0,0.0,0.0,7.0,0.0,0.0,0.0,0.0,0.0,0.0,0.0,0.0,0.0,0.0,0.0,0.0,0.0,11.0,0.09778812572759023
11.0,16.0,Sergio Agüero,Atlético de Madrid,Argentina,,,,,,,0.0,3.1,0.0048,0.0086,0.0,11.0,4.0,2.0,1.0,0.0,0.0,356.0,0.0,0.0,0.0,0.0,0.0,0.0,1.0,0.0,0.0,4.0,0.0,0.0,0.0,0.0,0.0,0.0,11.0,0.13387660069848664
11.0,16.0,Xabi Alonso,Real Madrid,Spain,,,,,,,0.0,3.1,0.0048,0.0086,0.0,11.0,0.0,0.0,3.0,1.0,0.0,965.0,0.0,0.0,11.0,0.0,0.0,0.0,0.0,0.0,0.0,0.0,0.0,0.0,0.0,0.0,0.0,0.0,11.0,0.0
11.0,18.0,Éric Abidal,FC Barcelona,France,,,,,,,0.0,2.8,0.0036,0.0065,0.0,11.0,0.0,1.0,0.0,0.0,0.0,558.0,0.0,0.0,8.0,0.0,0.0,0.0,0.0,0.0,0.0,0.0,0.0,0.0,0.0,0.0,0.0,0.0,11.0,0.24563445867287545
11.0,19.0,Dani Alves,FC Barcelona,Brazil,,,,,,,0.0,2.6,0.0034,0.0061,0.0,11.0,2.0,3.0,2.0,0.0,0.0,1078.0,0.0,0.0,12.0,0.0,0.0,0.0,0.0,0.0,0.0,0.0,0.0,0.0,0.0,0.0,0.0,0.0,11.0,0.06053550640279395
11.0,19.0,Karim Benzema,Real Madrid,France,,,,,,,0.0,2.6,0.0034,0.0061,0.0,11.0,6.0,1.0,0.0,0.0,0.0,372.0,0.0,0.0,8.0,0.0,0.0,0.0,0.0,0.0,0.0,0.0,0.0,0.0,0.0,0.0,0.0,0.0,11.0,0.11641443538998839
11.0,21.0,Cesc Fàbregas,Arsenal FC,Spain,,,,,,,0.0,2.4,0.0029,0.0052,0.0,11.0,3.0,2.0,0.0,0.0,0.0,390.0,0.0,0.0,5.0,0.0,0.0,0.0,0.0,0.0,0.0,0.0,0.0,0.0,0.0,0.0,0.0,0.0,11.0,0.0
11.0,22.0,Nani,Manchester United,Portugal,,,,,,,0.0,2.3,0.0026,0.0047,0.0,11.0,1.0,0.0,1.0,0.0,0.0,750.0,0.0,0.0,12.0,0.0,0.0,0.0,0.0,0.0,0.0,0.0,0.0,0.0,0.0,0.0,0.0,0.0,11.0,0.5366705471478463
11.0,23.0,Gerard Piqué,FC Barcelona,Spain,,,,,,,0.0,2.2,0.0022,0.004,0.0,11.0,1.0,0.0,3.0,0.0,0.0,1026.0,0.0,0.0,12.0,0.0,0.0,0.0,0.0,0.0,0.0,0.0,0.0,0.0,0.0,0.0,0.0,0.0,11.0,0.0
12.0,1.0,Lionel Messi,FC Barcelona,Argentina,,,,,,,0.0,50.0,0.416,0.7488,0.0,12.0,17.0,7.0,2.0,0.0,0.0,1260.0,0.0,0.0,11.0,0.0,0.0,2.0,1.0,0.0,0.0,0.0,0.0,0.0,0.0,0.0,0.0,0.0,12.0,0.2724097788125728
12.0,2.0,Cristiano Ronaldo,Real Madrid,Portugal,,,,,,,0.0,25.0,0.2368,0.4262,0.0,12.0,10.0,3.0,1.0,0.0,0.0,930.0,0.0,0.0,10.0,0.0,0.0,0.0,0.0,0.0,0.0,0.0,0.0,0.0,0.0,0.0,0.0,0.0,12.0,0.5704307334109431
12.0,3.0,Andrés Iniesta,FC Barcelona,Spain,,,,,,,0.0,16.7,0.1091,0.1964,0.0,12.0,3.0,1.0,2.0,0.0,0.0,842.0,0.0,0.0,8.0,0.0,0.0,2.0,1.0,0.0,0.0,0.0,0.0,0.0,0.0,0.0,0.0,0.0,12.0,0.2293364377182771
12.0,4.0,Xavi,FC Barcelona,Spain,,,,,,,0.0,12.5,0.0408,0.0734,0.0,12.0,2.0,3.0,0.0,0.0,0.0,893.0,0.0,0.0,9.0,0.0,0.0,1.0,1.0,0.0,0.0,0.0,0.0,0.0,0.0,0.0,0.0,0.0,12.0,0.43771827706635624
12.0,5.0,Radamel Falcao,Atlético de Madrid,Colombia,,,,,,,0.0,10.0,0.0367,0.0661,0.0,12.0,12.0,2.0,2.0,0.0,0.0,1215.0,0.0,0.0,0.0,0.0,0.0,0.0,0.0,0.0,0.0,15.0,0.0,0.0,0.0,0.0,0.0,0.0,12.0,0.3084982537834692
12.0,6.0,Iker Casillas,Real Madrid,Spain,,,,,,,0.0,8.3,0.0318,0.0572,0.0,12.0,0.0,0.0,0.0,0.0,0.0,930.0,7.0,5.0,10.0,0.0,0.0,0.0,0.0,0.0,0.0,0.0,0.0,0.0,0.0,0.0,0.0,0.0,12.0,0.0
12.0,8.0,Didier Drogba,Chelsea FC,Ivory Coast,,,,,,,0.0,6.3,0.026,0.0468,0.0,12.0,6.0,2.0,2.0,0.0,0.0,670.0,0.0,0.0,8.0,0.0,0.0,0.0,0.0,0.0,0.0,0.0,0.0,0.0,0.0,0.0,0.0,0.0,12.0,0.44935972060535506
12.0,9.0,Robin van Persie,Arsenal FC,Netherlands,,,,,,,0.0,5.6,0.0145,0.0261,0.0,12.0,5.0,0.0,0.0,0.0,0.0,583.0,0.0,0.0,7.0,1.0,0.0,0.0,0.0,0.0,0.0,0.0,0.0,0.0,0.0,0.0,0.0,0.0,12.0,0.0
12.0,10.0,Zlatan Ibrahimović,AC Milan,Sweden,,,,,,,0.0,5.0,0.0124,0.0223,0.0,12.0,5.0,4.0,1.0,0.0,0.0,720.0,0.0,0.0,8.0,0.0,0.0,0.0,0.0,0.0,0.0,0.0,0.0,0.0,0.0,0.0,0.0,0.0,12.0,0.0570430733410943
12.0,11.0,Xabi Alonso,Real Madrid,Spain,,,,,,,0.0,4.5,0.0109,0.0196,0.0,12.0,0.0,1.0,4.0,0.0,0.0,827.0,0.0,0.0,10.0,0.0,0.0,0.0,0.0,0.0,0.0,0.0,0.0,0.0,0.0,0.0,0.0,0.0,12.0,0.0
12.0,12.0,Yaya Touré,Manchester City,Ivory Coast,,,,,,,0.0,4.2,0.0076,0.0137,0.0,12.0,3.0,3.0,4.0,0.0,0.0,785.0,0.0,0.0,6.0,0.0,0.0,0.0,0.0,0.0,0.0,3.0,0.0,0.0,0.0,0.0,0.0,0.0,12.0,0.27357392316647267
12.0,13.0,Neymar,Santos FC,Brazil,,,,,,,0.0,3.8,0.0061,0.011,0.0,12.0,10.0,3.0,6.0,0.0,0.0,1470.0,0.0,0.0,0.0,0.0,0.0,2.0,0.0,0.0,0.0,0.0,0.0,12.0,2.0,0.0,0.0,0.0,12.0,0.1641443538998836
12.0,14.0,Mesut Özil,Real Madrid,Germany,,,,,,,0.0,3.6,0.0041,0.0074,0.0,12.0,2.0,5.0,0.0,0.0,0.0,806.0,0.0,0.0,10.0,0.0,0.0,0.0,0.0,0.0,0.0,0.0,0.0,0.0,0.0,0.0,0.0,0.0,12.0,0.1071012805587893
12.0,15.0,Wayne Rooney,Manchester United,England,,,,,,,0.0,3.3,0.0039,0.007,0.0,12.0,5.0,2.0,1.0,0.0,0.0,630.0,0.0,0.0,4.0,0.0,0.0,0.0,0.0,0.0,0.0,3.0,0.0,0.0,0.0,0.0,0.0,0.0,12.0,0.24563445867287545
12.0,17.0,Sergio Agüero,Manchester City,Argentina,,,,,,,0.0,2.9,0.003,0.0054,0.0,12.0,5.0,2.0,1.0,0.0,0.0,595.0,0.0,0.0,6.0,0.0,0.0,0.0,0.0,0.0,0.0,4.0,0.0,0.0,0.0,0.0,0.0,0.0,12.0,0.08381839348079162
12.0,18.0,Sergio Ramos,Real Madrid,Spain,,,,,,,0.0,2.8,0.0022,0.004,0.0,12.0,1.0,1.0,2.0,0.0,0.0,976.0,0.0,0.0,11.0,0.0,0.0,0.0,0.0,0.0,0.0,0.0,0.0,0.0,0.0,0.0,0.0,0.0,12.0,0.32596041909196743
12.0,19.0,Manuel Neuer,Bayern Munich,Germany,,,,,,,0.0,2.6,0.0021,0.0038,0.0,12.0,0.0,0.0,0.0,0.0,0.0,1320.0,9.0,7.0,12.0,2.0,0.0,0.0,0.0,0.0,0.0,0.0,0.0,0.0,0.0,0.0,0.0,0.0,12.0,0.0
12.0,20.0,Sergio Busquets,FC Barcelona,Spain,,,,,,,0.0,2.5,0.002,0.0036,0.0,12.0,1.0,1.0,1.0,0.0,0.0,992.0,0.0,0.0,10.0,0.0,0.0,1.0,1.0,0.0,0.0,0.0,0.0,0.0,0.0,0.0,0.0,0.0,12.0,0.20256111757857975
12.0,21.0,Gerard Piqué,FC Barcelona,Spain,,,,,,,0.0,2.4,0.0011,0.002,0.0,12.0,0.0,1.0,1.0,0.0,0.0,427.0,0.0,0.0,5.0,0.0,0.0,1.0,0.0,0.0,0.0,0.0,0.0,0.0,0.0,0.0,0.0,0.0,12.0,0.0
12.0,21.0,Karim Benzema,Real Madrid,France,,,,,,,0.0,2.4,0.0011,0.002,0.0,12.0,7.0,5.0,0.0,0.0,0.0,761.0,0.0,0.0,11.0,0.0,0.0,0.0,0.0,0.0,0.0,0.0,0.0,0.0,0.0,0.0,0.0,0.0,12.0,0.15250291036088476
12.0,23.0,Mario Balotelli,Manchester City,Italy,,,,,,,0.0,2.2,0.0007,0.0013,0.0,12.0,3.0,1.0,3.0,0.0,0.0,368.0,0.0,0.0,3.0,0.0,0.0,0.0,0.0,0.0,0.0,3.0,0.0,0.0,0.0,0.0,0.0,0.0,12.0,0.35040745052386496
13.0,1.0,Cristiano Ronaldo,Real Madrid,Portugal,,,,,,,0.0,50.0,0.2799,0.5038,0.0,13.0,12.0,1.0,1.0,0.0,0.0,1080.0,0.0,0.0,12.0,0.0,0.0,0.0,0.0,0.0,0.0,0.0,0.0,0.0,0.0,0.0,0.0,0.0,13.0,0.5355064027939466
13.0,2.0,Lionel Messi,FC Barcelona,Argentina,,,,,,,0.0,25.0,0.2472,0.445,0.0,13.0,8.0,3.0,0.0,0.0,0.0,822.0,0.0,0.0,11.0,0.0,0.0,0.0,0.0,0.0,0.0,0.0,0.0,0.0,0.0,0.0,0.0,0.0,13.0,0.23166472642607683
13.0,3.0,Franck Ribéry,Bayern Munich,France,,,,,,,0.0,16.7,0.2336,0.4205,0.0,13.0,1.0,5.0,2.0,0.0,0.0,849.0,0.0,0.0,12.0,0.0,0.0,0.0,0.0,0.0,0.0,0.0,0.0,0.0,0.0,0.0,0.0,0.0,13.0,0.16181606519208383
13.0,4.0,Zlatan Ibrahimović,Paris Saint-Germain,Sweden,,,,,,,0.0,12.5,0.0529,0.0952,0.0,13.0,3.0,7.0,1.0,0.0,1.0,793.0,0.0,0.0,9.0,0.0,0.0,0.0,0.0,0.0,0.0,0.0,0.0,0.0,0.0,0.0,0.0,0.0,13.0,0.048894062863795114
13.0,6.0,Andrés Iniesta,FC Barcelona,Spain,,,,,,,0.0,8.3,0.0208,0.0374,0.0,13.0,1.0,1.0,1.0,0.0,0.0,803.0,0.0,0.0,10.0,0.0,0.0,0.0,0.0,0.0,0.0,0.0,0.0,0.0,0.0,0.0,0.0,0.0,13.0,0.1583236321303842
13.0,7.0,Robin van Persie,Manchester United,Netherlands,,,,,,,0.0,7.1,0.0179,0.0322,0.0,13.0,3.0,0.0,2.0,0.0,0.0,467.0,0.0,0.0,6.0,0.0,0.0,0.0,0.0,0.0,0.0,0.0,0.0,0.0,0.0,0.0,0.0,0.0,13.0,0.0
13.0,8.0,Arjen Robben,Bayern Munich,Netherlands,,,,,,,0.0,6.3,0.0177,0.0319,0.0,13.0,4.0,2.0,1.0,0.0,0.0,731.0,0.0,0.0,9.0,0.0,0.0,0.0,0.0,0.0,0.0,0.0,0.0,0.0,0.0,0.0,0.0,0.0,13.0,0.13387660069848664
13.0,9.0,Gareth Bale,Tottenham Hotspur,Wales,,,,,,,0.0,5.6,0.0132,0.0238,0.0,13.0,3.0,3.0,3.0,0.0,0.0,716.0,0.0,0.0,0.0,0.0,0.0,0.0,0.0,0.0,0.0,8.0,0.0,0.0,0.0,0.0,0.0,0.0,13.0,0.430733410942957
13.0,10.0,Andrea Pirlo,Juventus FC,Italy,,,,,,,0.0,5.0,0.0111,0.02,0.0,13.0,0.0,3.0,0.0,0.0,0.0,879.0,0.0,0.0,10.0,0.0,0.0,0.0,0.0,0.0,0.0,0.0,0.0,0.0,0.0,0.0,0.0,0.0,13.0,0.18742724097788127
13.0,11.0,Radamel Falcao,Atlético de Madrid,Colombia,,,,,,,0.0,4.5,0.0108,0.0194,0.0,13.0,4.0,1.0,1.0,0.0,0.0,267.0,0.0,0.0,0.0,0.0,0.0,0.0,1.0,0.0,0.0,2.0,0.0,0.0,0.0,0.0,0.0,0.0,13.0,0.26658905704307334
13.0,12.0,Yaya Touré,Manchester City,Ivory Coast,,,,,,,0.0,4.2,0.0099,0.0178,0.0,13.0,1.0,1.0,3.0,0.0,0.0,450.0,0.0,0.0,5.0,0.0,0.0,0.0,0.0,0.0,0.0,0.0,0.0,0.0,0.0,0.0,0.0,0.0,13.0,0.31199068684516884
13.0,13.0,Robert Lewandowski,Borussia Dortmund,Poland,,,,,,,0.0,3.8,0.0092,0.0166,0.0,13.0,10.0,2.0,1.0,0.0,0.0,1090.0,0.0,0.0,13.0,0.0,0.0,0.0,0.0,0.0,0.0,0.0,0.0,0.0,0.0,0.0,0.0,0.0,13.0,0.27473806752037255
13.0,14.0,Philipp Lahm,Bayern Munich,Germany,,,,,,,0.0,3.6,0.0082,0.0148,0.0,13.0,0.0,5.0,2.0,0.0,0.0,1067.0,0.0,0.0,12.0,0.0,0.0,0.0,0.0,0.0,0.0,0.0,0.0,0.0,0.0,0.0,0.0,0.0,13.0,0.08498253783469151
13.0,15.0,Xavi,FC Barcelona,Spain,,,,,,,0.0,3.3,0.0081,0.0146,0.0,13.0,1.0,4.0,0.0,0.0,0.0,946.0,0.0,0.0,11.0,0.0,0.0,0.0,0.0,0.0,0.0,0.0,0.0,0.0,0.0,0.0,0.0,0.0,13.0,0.3294528521536671
13.0,16.0,Mesut Özil,Real Madrid,Germany,,,,,,,0.0,3.1,0.0071,0.0128,0.0,13.0,1.0,4.0,1.0,0.0,0.0,722.0,0.0,0.0,10.0,0.0,0.0,0.0,0.0,0.0,0.0,0.0,0.0,0.0,0.0,0.0,0.0,0.0,13.0,0.13271245634458675
13.0,17.0,Bastian Schweinsteiger,Bayern Munich,Germany,,,,,,,0.0,2.9,0.0043,0.0077,0.0,13.0,2.0,4.0,4.0,0.0,0.0,939.0,0.0,0.0,12.0,0.0,0.0,0.0,0.0,0.0,0.0,0.0,0.0,0.0,0.0,0.0,0.0,0.0,13.0,0.11874272409778813
13.0,18.0,Thomas Müller,Bayern Munich,Germany,,,,,,,0.0,2.8,0.0043,0.0077,0.0,13.0,8.0,2.0,1.0,0.0,0.0,1045.0,0.0,0.0,13.0,0.0,0.0,0.0,0.0,0.0,0.0,0.0,0.0,0.0,0.0,0.0,0.0,0.0,13.0,0.10011641443539
13.0,19.0,Luis Suárez Díaz,Liverpool FC,Uruguay,,,,,,,0.0,2.6,0.0039,0.007,0.0,13.0,4.0,2.0,1.0,0.0,0.0,595.0,0.0,0.0,0.0,0.0,0.0,0.0,0.0,0.0,0.0,6.0,2.0,0.0,0.0,0.0,0.0,0.0,13.0,0.16298020954598372
13.0,20.0,Edinson Cavani,SSC Napoli,Uruguay,,,,,,,0.0,2.5,0.0036,0.0065,0.0,13.0,7.0,1.0,3.0,0.0,0.0,462.0,0.0,0.0,0.0,0.0,0.0,0.0,0.0,0.0,0.0,7.0,0.0,0.0,0.0,0.0,0.0,0.0,13.0,0.3853317811408615
13.0,21.0,Thiago Silva,Paris Saint-Germain,Brazil,,,,,,,0.0,2.4,0.0024,0.0043,0.0,13.0,2.0,0.0,3.0,0.0,0.0,801.0,0.0,0.0,9.0,0.0,0.0,0.0,0.0,0.0,0.0,0.0,0.0,0.0,0.0,0.0,0.0,0.0,13.0,0.18044237485448197
13.0,22.0,Eden Hazard,Chelsea FC,Belgium,,,,,,,0.0,2.3,0.0016,0.0029,0.0,13.0,1.0,6.0,0.0,0.0,0.0,1172.0,0.0,0.0,6.0,0.0,0.0,2.0,1.0,0.0,0.0,7.0,0.0,0.0,0.0,0.0,0.0,0.0,13.0,0.15366705471478465
13.0,23.0,Manuel Neuer,Bayern Munich,Germany,,,,,,,0.0,2.2,0.0008,0.0014,0.0,13.0,0.0,0.0,0.0,0.0,0.0,1170.0,11.0,5.0,13.0,0.0,0.0,0.0,0.0,0.0,0.0,0.0,0.0,0.0,0.0,0.0,0.0,0.0,13.0,0.0
14.0,1.0,Cristiano Ronaldo,Real Madrid,Portugal,,,,,,,0.0,50.0,0.3766,0.6779,0.0,14.0,17.0,5.0,1.0,0.0,0.0,993.0,0.0,0.0,11.0,0.0,0.0,0.0,0.0,0.0,0.0,0.0,0.0,0.0,0.0,0.0,0.0,0.0,14.0,0.7066356228172295
14.0,2.0,Lionel Messi,FC Barcelona,Argentina,,,,,,,0.0,25.0,0.1576,0.2837,0.0,14.0,8.0,0.0,0.0,0.0,0.0,630.0,0.0,0.0,7.0,0.0,0.0,0.0,0.0,0.0,0.0,0.0,0.0,0.0,0.0,0.0,0.0,0.0,14.0,0.2910360884749709
14.0,3.0,Manuel Neuer,Bayern Munich,Germany,,,,,,,0.0,16.7,0.1572,0.283,0.0,14.0,0.0,0.0,0.0,0.0,0.0,1380.0,15.0,6.0,12.0,0.0,0.0,2.0,1.0,0.0,0.0,0.0,0.0,0.0,0.0,0.0,0.0,0.0,14.0,0.0
14.0,4.0,Arjen Robben,Bayern Munich,Netherlands,,,,,,,0.0,12.5,0.0717,0.1291,0.0,14.0,4.0,6.0,0.0,0.0,0.0,973.0,0.0,0.0,10.0,0.0,0.0,0.0,1.0,0.0,0.0,0.0,0.0,0.0,0.0,0.0,0.0,0.0,14.0,0.34807916181606524
14.0,5.0,Thomas Müller,Bayern Munich,Germany,,,,,,,0.0,10.0,0.0542,0.0976,0.0,14.0,5.0,1.0,0.0,0.0,0.0,855.0,0.0,0.0,12.0,0.0,0.0,1.0,1.0,0.0,0.0,0.0,0.0,0.0,0.0,0.0,0.0,0.0,14.0,0.3271245634458673
14.0,6.0,Philipp Lahm,Bayern Munich,Germany,,,,,,,0.0,8.3,0.029,0.0522,0.0,14.0,0.0,3.0,0.0,0.0,0.0,1291.0,0.0,0.0,12.0,0.0,0.0,2.0,1.0,0.0,0.0,0.0,0.0,0.0,0.0,0.0,0.0,0.0,14.0,0.2561117578579744
14.0,7.0,Neymar,FC Barcelona,Brazil,,,,,,,0.0,7.1,0.0221,0.0398,0.0,14.0,4.0,5.0,1.0,0.0,0.0,775.0,0.0,0.0,10.0,0.0,0.0,0.0,0.0,0.0,0.0,0.0,0.0,0.0,0.0,0.0,0.0,0.0,14.0,0.35040745052386496
14.0,9.0,Toni Kroos,Bayern Munich,Germany,,,,,,,0.0,5.6,0.0143,0.0257,0.0,14.0,1.0,3.0,1.0,0.0,0.0,1224.0,0.0,0.0,12.0,0.0,0.0,2.0,1.0,0.0,0.0,0.0,0.0,0.0,0.0,0.0,0.0,0.0,14.0,0.0
14.0,10.0,Ángel Di María,Real Madrid,Argentina,,,,,,,0.0,5.0,0.0129,0.0232,0.0,14.0,3.0,6.0,1.0,0.0,0.0,822.0,0.0,0.0,11.0,0.0,0.0,0.0,0.0,0.0,0.0,0.0,0.0,0.0,0.0,0.0,0.0,0.0,14.0,0.0
14.0,11.0,Diego Costa,Atlético de Madrid,Spain,,,,,,,0.0,4.5,0.0102,0.0184,0.0,14.0,8.0,1.0,2.0,0.0,0.0,580.0,0.0,0.0,9.0,0.0,0.0,0.0,0.0,0.0,0.0,0.0,0.0,0.0,0.0,0.0,0.0,0.0,14.0,0.6973224679860303
14.0,12.0,Gareth Bale,Real Madrid,Wales,,,,,,,0.0,4.2,0.01,0.018,0.0,14.0,6.0,4.0,0.0,0.0,0.0,873.0,0.0,0.0,12.0,0.0,0.0,0.0,0.0,0.0,0.0,0.0,0.0,0.0,0.0,0.0,0.0,0.0,14.0,0.26193247962747385
14.0,13.0,Zlatan Ibrahimović,Paris Saint-Germain,Sweden,,,,,,,0.0,3.8,0.01,0.018,0.0,14.0,10.0,0.0,0.0,0.0,0.0,668.0,0.0,0.0,8.0,0.0,0.0,0.0,0.0,0.0,0.0,0.0,0.0,0.0,0.0,0.0,0.0,0.0,14.0,0.06286379511059371
14.0,14.0,Yaya Touré,Manchester City,Ivory Coast,,,,,,,0.0,3.6,0.0086,0.0155,0.0,14.0,1.0,0.0,3.0,0.0,0.0,556.0,0.0,0.0,7.0,0.0,0.0,0.0,0.0,0.0,0.0,0.0,0.0,0.0,0.0,0.0,0.0,0.0,14.0,0.7369033760186264
14.0,15.0,Mario Götze,Bayern Munich,Germany,,,,,,,0.0,3.3,0.0084,0.0151,0.0,14.0,4.0,1.0,0.0,0.0,0.0,680.0,0.0,0.0,11.0,0.0,0.0,2.0,1.0,0.0,0.0,0.0,0.0,0.0,0.0,0.0,0.0,0.0,14.0,0.28987194412107103
14.0,16.0,Karim Benzema,Real Madrid,France,,,,,,,0.0,3.1,0.0075,0.0135,0.0,14.0,5.0,5.0,1.0,0.0,0.0,913.0,0.0,0.0,11.0,0.0,0.0,0.0,0.0,0.0,0.0,0.0,0.0,0.0,0.0,0.0,0.0,0.0,14.0,0.24097788125727593
14.0,17.0,Andrés Iniesta,FC Barcelona,Spain,,,,,,,0.0,2.9,0.0067,0.0121,0.0,14.0,0.0,3.0,2.0,0.0,0.0,779.0,0.0,0.0,9.0,0.0,0.0,0.0,0.0,0.0,0.0,0.0,0.0,0.0,0.0,0.0,0.0,0.0,14.0,0.23748544819557627
14.0,18.0,Bastian Schweinsteiger,Bayern Munich,Germany,,,,,,,0.0,2.8,0.0057,0.0103,0.0,14.0,3.0,0.0,1.0,1.0,0.0,588.0,0.0,0.0,8.0,0.0,0.0,0.0,0.0,0.0,0.0,0.0,0.0,0.0,0.0,0.0,0.0,0.0,14.0,0.3189755529685681
14.0,19.0,Javier Mascherano,FC Barcelona,Argentina,,,,,,,0.0,2.6,0.0055,0.0099,0.0,14.0,0.0,0.0,2.0,0.0,0.0,810.0,0.0,0.0,9.0,0.0,0.0,0.0,0.0,0.0,0.0,0.0,0.0,0.0,0.0,0.0,0.0,0.0,14.0,0.20488940628637953
14.0,20.0,Thibaut Courtois,Atlético de Madrid,Belgium,,,,,,,0.0,2.5,0.0051,0.0092,0.0,14.0,0.0,0.0,0.0,0.0,0.0,1110.0,10.0,5.0,12.0,0.0,0.0,0.0,0.0,0.0,0.0,0.0,0.0,0.0,0.0,0.0,0.0,0.0,14.0,0.2293364377182771
14.0,21.0,Eden Hazard,Chelsea FC,Belgium,,,,,,,0.0,2.4,0.0047,0.0085,0.0,14.0,3.0,0.0,0.0,0.0,0.0,794.0,0.0,0.0,9.0,0.0,0.0,0.0,1.0,0.0,0.0,0.0,0.0,0.0,0.0,0.0,0.0,0.0,14.0,0.23399301513387663
14.0,22.0,Paul Pogba,Juventus FC,France,,,,,,,0.0,2.3,0.004,0.0072,0.0,14.0,1.0,4.0,1.0,0.0,0.0,1057.0,0.0,0.0,6.0,0.0,0.0,0.0,0.0,0.0,0.0,8.0,0.0,0.0,0.0,0.0,0.0,0.0,14.0,0.09080325960419093
14.0,23.0,Sergio Ramos,Real Madrid,Spain,,,,,,,0.0,2.2,0.0033,0.0059,0.0,14.0,3.0,3.0,3.0,0.0,1.0,920.0,0.0,0.0,11.0,0.0,0.0,0.0,0.0,0.0,0.0,0.0,0.0,0.0,0.0,0.0,0.0,0.0,14.0,0.28637951105937137
15.0,1.0,Lionel Messi,FC Barcelona,Argentina,1840.0,,,,,,0.0,50.0,0.4113,0.7404,0.0,15.0,10.0,6.0,1.0,0.0,0.0,1146.0,0.0,0.0,13.0,0.0,0.0,0.0,0.0,0.0,0.0,0.0,0.0,0.0,0.0,0.0,0.0,0.0,15.0,0.2584400465657742
15.0,2.0,Cristiano Ronaldo,Real Madrid,Portugal,1262.0,,,,,,0.0,25.0,0.2821,0.5078,0.0,15.0,12.0,6.0,1.0,0.0,0.0,1335.0,0.0,0.0,12.0,0.0,0.0,2.0,1.0,0.0,0.0,0.0,0.0,0.0,0.0,0.0,0.0,0.0,15.0,0.5762514551804424
15.0,3.0,Neymar,FC Barcelona,Brazil,336.0,,,,,,0.0,16.7,0.0751,0.1352,0.0,15.0,10.0,0.0,1.0,0.0,0.0,1025.0,0.0,0.0,12.0,0.0,0.0,0.0,0.0,0.0,0.0,0.0,0.0,0.0,0.0,0.0,0.0,0.0,15.0,0.220023282887078
15.0,4.0,Robert Lewandowski,Bayern Munich,Poland,188.0,,,,,,0.0,12.5,0.042,0.0757,0.0,15.0,6.0,5.0,1.0,0.0,0.0,931.0,0.0,0.0,12.0,0.0,0.0,0.0,0.0,0.0,0.0,0.0,0.0,0.0,0.0,0.0,0.0,0.0,15.0,0.25261932479627475
15.0,5.0,Luis Suárez Díaz,FC Barcelona,Uruguay,166.0,,,,,,0.0,10.0,0.0371,0.0668,0.0,15.0,7.0,3.0,1.0,0.0,0.0,828.0,0.0,0.0,10.0,0.0,0.0,0.0,0.0,0.0,0.0,0.0,0.0,0.0,0.0,0.0,0.0,0.0,15.0,0.13736903376018628
15.0,6.0,Thomas Müller,Bayern Munich,Germany,97.0,,,,,,0.0,8.3,0.0217,0.039,0.0,15.0,7.0,3.0,0.0,0.0,0.0,778.0,0.0,0.0,10.0,0.0,0.0,0.0,0.0,0.0,0.0,0.0,0.0,0.0,0.0,0.0,0.0,0.0,15.0,0.15948777648428406
15.0,7.0,Manuel Neuer,Bayern Munich,Germany,86.0,,,,,,0.0,7.1,0.0192,0.0346,0.0,15.0,0.0,0.0,2.0,0.0,0.0,1080.0,13.0,6.0,12.0,0.0,0.0,0.0,0.0,0.0,0.0,0.0,0.0,0.0,0.0,0.0,0.0,0.0,15.0,0.0
15.0,8.0,Eden Hazard,Chelsea FC,Belgium,62.0,,,,,,0.0,6.3,0.0139,0.0249,0.0,15.0,3.0,3.0,1.0,0.0,0.0,654.0,0.0,0.0,7.0,0.0,0.0,0.0,0.0,0.0,0.0,0.0,0.0,0.0,0.0,0.0,0.0,0.0,15.0,0.21187427240977882
15.0,9.0,Andrés Iniesta,FC Barcelona,Spain,55.0,,,,,,0.0,5.6,0.0123,0.0221,0.0,15.0,0.0,5.0,0.0,0.0,0.0,787.0,0.0,0.0,11.0,0.0,0.0,0.0,0.0,0.0,0.0,0.0,0.0,0.0,0.0,0.0,0.0,0.0,15.0,0.16880093131548315
15.0,10.0,Alexis Sánchez,Arsenal FC,Chile,51.0,,,,,,0.0,5.0,0.0114,0.0205,0.0,15.0,4.0,1.0,1.0,0.0,0.0,764.0,0.0,0.0,7.0,2.0,0.0,0.0,0.0,0.0,0.0,0.0,0.0,0.0,0.0,0.0,0.0,0.0,15.0,0.12572759022118743
15.0,11.0,Zlatan Ibrahimović,Paris Saint-Germain,Sweden,47.0,,,,,,0.0,4.5,0.0105,0.0189,0.0,15.0,2.0,1.0,1.0,0.0,1.0,477.0,0.0,0.0,6.0,0.0,0.0,0.0,0.0,0.0,0.0,0.0,0.0,0.0,0.0,0.0,0.0,0.0,15.0,0.05587892898719442
15.0,12.0,Yaya Touré,Manchester City,Ivory Coast,38.0,,,,,,0.0,4.2,0.0085,0.0153,0.0,15.0,1.0,0.0,1.0,0.0,1.0,424.0,0.0,0.0,5.0,0.0,0.0,0.0,0.0,0.0,0.0,0.0,0.0,0.0,0.0,0.0,0.0,0.0,15.0,0.5494761350407451
15.0,13.0,Sergio Agüero,Manchester City,Argentina,37.0,,,,,,0.0,3.8,0.0083,0.0149,0.0,15.0,6.0,1.0,2.0,0.0,0.0,550.0,0.0,0.0,7.0,0.0,0.0,0.0,0.0,0.0,0.0,0.0,0.0,0.0,0.0,0.0,0.0,0.0,15.0,0.10477299185098954
15.0,14.0,Javier Mascherano,FC Barcelona,Argentina,35.0,,,,,,0.0,3.6,0.0078,0.0141,0.0,15.0,0.0,1.0,1.0,0.0,0.0,1079.0,0.0,0.0,12.0,0.0,0.0,0.0,0.0,0.0,0.0,0.0,0.0,0.0,0.0,0.0,0.0,0.0,15.0,0.1222351571594878
15.0,15.0,Paul Pogba,Juventus FC,France,32.0,,,,,,0.0,3.3,0.0072,0.0129,0.0,15.0,1.0,3.0,3.0,0.0,0.0,833.0,0.0,0.0,10.0,0.0,0.0,0.0,0.0,0.0,0.0,0.0,0.0,0.0,0.0,0.0,0.0,0.0,15.0,0.14668218859138535
15.0,16.0,Gareth Bale,Real Madrid,Wales,29.0,,,,,,0.0,3.1,0.0065,0.0117,0.0,15.0,4.0,2.0,0.0,0.0,0.0,1097.0,0.0,0.0,10.0,0.0,0.0,2.0,1.0,0.0,0.0,0.0,0.0,0.0,0.0,0.0,0.0,0.0,15.0,0.1571594877764843
15.0,17.0,Arturo Vidal,Juventus FC,Chile,26.0,,,,,,0.0,2.9,0.0058,0.0105,0.0,15.0,1.0,0.0,4.0,0.0,0.0,1045.0,0.0,0.0,12.0,0.0,0.0,0.0,0.0,0.0,0.0,0.0,0.0,0.0,0.0,0.0,0.0,0.0,15.0,0.3026775320139698
15.0,18.0,Kevin De Bruyne,VfL Wolfsburg,Belgium,21.0,,,,,,0.0,2.8,0.0047,0.0085,0.0,15.0,5.0,5.0,2.0,0.0,0.0,981.0,0.0,0.0,0.0,0.0,0.0,0.0,0.0,0.0,0.0,11.0,0.0,0.0,0.0,0.0,0.0,0.0,15.0,0.0
15.0,19.0,James Rodríguez,Real Madrid,Colombia,20.0,,,,,,0.0,2.6,0.0045,0.008,0.0,15.0,1.0,3.0,3.0,0.0,0.0,866.0,0.0,0.0,9.0,0.0,0.0,1.0,1.0,0.0,0.0,0.0,0.0,0.0,0.0,0.0,0.0,0.0,15.0,0.0931315483119907
15.0,20.0,Karim Benzema,Real Madrid,France,18.0,,,,,,0.0,2.5,0.004,0.0072,0.0,15.0,7.0,3.0,0.0,0.0,0.0,933.0,0.0,0.0,9.0,0.0,0.0,2.0,1.0,0.0,0.0,0.0,0.0,0.0,0.0,0.0,0.0,0.0,15.0,0.32013969732246805
15.0,21.0,Arjen Robben,Bayern Munich,Netherlands,13.0,,,,,,0.0,2.4,0.0029,0.0052,0.0,15.0,2.0,1.0,0.0,0.0,0.0,428.0,0.0,0.0,7.0,0.0,0.0,0.0,0.0,0.0,0.0,0.0,0.0,0.0,0.0,0.0,0.0,0.0,15.0,0.1292200232828871
15.0,21.0,Toni Kroos,Real Madrid,Germany,13.0,,,,,,0.0,2.4,0.0029,0.0052,0.0,15.0,0.0,5.0,3.0,0.0,0.0,1221.0,0.0,0.0,12.0,0.0,0.0,2.0,1.0,0.0,0.0,0.0,0.0,0.0,0.0,0.0,0.0,0.0,15.0,0.0
15.0,23.0,Ivan Rakitić,FC Barcelona,Croatia,2.0,,,,,,0.0,2.2,0.0004,0.0008,0.0,15.0,2.0,1.0,2.0,0.0,0.0,886.0,0.0,0.0,12.0,0.0,0.0,0.0,0.0,0.0,0.0,0.0,0.0,0.0,0.0,0.0,0.0,0.0,15.0,0.032596041909196745
16.0,1.0,Cristiano Ronaldo,Real Madrid,Portugal,745.0,,,,,,0.0,50.0,0.4785,0.8613,0.0,16.0,16.0,4.0,1.0,0.0,0.0,1109.0,0.0,0.0,12.0,0.0,0.0,0.0,0.0,0.0,0.0,0.0,0.0,0.0,0.0,0.0,0.0,0.0,16.0,0.0
16.0,2.0,Lionel Messi,FC Barcelona,Argentina,316.0,,,,,,0.0,25.0,0.203,0.3653,0.0,16.0,9.0,2.0,1.0,0.0,0.0,840.0,0.0,0.0,7.0,0.0,0.0,1.0,1.0,0.0,0.0,0.0,0.0,0.0,0.0,0.0,0.0,0.0,16.0,0.23748544819557627
16.0,3.0,Antoine Griezmann,Atlético de Madrid,France,198.0,,,,,,0.0,16.7,0.1272,0.2289,0.0,16.0,7.0,1.0,1.0,0.0,0.0,1138.0,0.0,0.0,13.0,0.0,0.0,0.0,0.0,0.0,0.0,0.0,0.0,0.0,0.0,0.0,0.0,0.0,16.0,0.27706635622817233
16.0,4.0,Luis Suárez Díaz,FC Barcelona,Uruguay,91.0,,,,,,0.0,12.5,0.0584,0.1052,0.0,16.0,14.0,4.0,2.0,0.0,0.0,1110.0,0.0,0.0,9.0,0.0,0.0,2.0,1.0,0.0,0.0,0.0,0.0,0.0,0.0,0.0,0.0,0.0,16.0,0.06519208381839349
16.0,5.0,Neymar,FC Barcelona,Brazil,68.0,,,,,,0.0,10.0,0.0437,0.0786,0.0,16.0,3.0,7.0,3.0,0.0,0.0,898.0,0.0,0.0,9.0,0.0,0.0,1.0,0.0,0.0,0.0,0.0,0.0,0.0,0.0,0.0,0.0,0.0,16.0,0.1862630966239814
16.0,6.0,Gareth Bale,Real Madrid,Wales,60.0,,,,,,0.0,8.3,0.0385,0.0694,0.0,16.0,0.0,3.0,1.0,0.0,0.0,644.0,0.0,0.0,8.0,0.0,0.0,0.0,0.0,0.0,0.0,0.0,0.0,0.0,0.0,0.0,0.0,0.0,16.0,0.17345750873108268
16.0,9.0,Gianluigi Buffon,Juventus FC,Italy,8.0,,,,,,0.0,5.6,0.0051,0.0092,0.0,16.0,0.0,0.0,0.0,0.0,0.0,750.0,9.0,3.0,8.0,0.0,0.0,0.0,0.0,0.0,0.0,0.0,0.0,0.0,0.0,0.0,0.0,0.0,16.0,0.0
16.0,9.0,Pepe,Real Madrid,Portugal,8.0,,,,,,0.0,5.6,0.0051,0.0092,0.0,16.0,0.0,0.0,2.0,0.0,0.0,757.0,0.0,0.0,9.0,0.0,0.0,0.0,0.0,0.0,0.0,0.0,0.0,0.0,0.0,0.0,0.0,0.0,16.0,1.0
16.0,11.0,Pierre-Emerick Aubameyang,Borussia Dortmund,Gabon,7.0,,,,,,0.0,4.5,0.0045,0.0081,0.0,16.0,11.0,3.0,0.0,0.0,0.0,1068.0,0.0,0.0,0.0,0.0,0.0,0.0,0.0,0.0,0.0,10.0,4.0,0.0,0.0,0.0,0.0,0.0,16.0,0.11874272409778813
16.0,12.0,Rui Patrício,Sporting CP,Portugal,6.0,,,,,,0.0,4.2,0.0039,0.0069,0.0,16.0,0.0,0.0,0.0,0.0,1.0,737.0,15.0,0.0,0.0,2.0,0.0,0.0,0.0,0.0,0.0,7.0,0.0,0.0,0.0,0.0,0.0,0.0,16.0,0.09662398137369035
16.0,13.0,Zlatan Ibrahimović,Paris Saint-Germain,Sweden,5.0,,,,,,0.0,3.8,0.0032,0.0058,0.0,16.0,5.0,4.0,2.0,0.0,0.0,880.0,0.0,0.0,10.0,0.0,0.0,0.0,0.0,0.0,0.0,0.0,0.0,0.0,0.0,0.0,0.0,0.0,16.0,0.16996507566938301
16.0,14.0,Arturo Vidal,Bayern Munich,Chile,4.0,,,,,,0.0,3.6,0.0026,0.0046,0.0,16.0,2.0,3.0,3.0,0.0,0.0,856.0,0.0,0.0,11.0,0.0,0.0,0.0,0.0,0.0,0.0,0.0,0.0,0.0,0.0,0.0,0.0,0.0,16.0,0.09662398137369035
16.0,14.0,Paul Pogba,Juventus FC,France,4.0,,,,,,0.0,3.6,0.0026,0.0046,0.0,16.0,1.0,2.0,0.0,0.0,0.0,750.0,0.0,0.0,8.0,0.0,0.0,0.0,0.0,0.0,0.0,0.0,0.0,0.0,0.0,0.0,0.0,0.0,16.0,0.34807916181606524
16.0,16.0,Robert Lewandowski,Bayern Munich,Poland,3.0,,,,,,0.0,3.1,0.0019,0.0035,0.0,16.0,9.0,1.0,2.0,0.0,0.0,942.0,0.0,0.0,12.0,0.0,0.0,0.0,0.0,0.0,0.0,0.0,0.0,0.0,0.0,0.0,0.0,0.0,16.0,0.25960419091967407
16.0,17.0,Dimitri Payet,West Ham United,France,1.0,,,,,,0.0,2.9,0.0006,0.0012,0.0,16.0,0.0,1.0,1.0,0.0,0.0,90.0,0.0,0.0,0.0,0.0,0.0,0.0,0.0,0.0,0.0,0.0,1.0,0.0,0.0,0.0,0.0,0.0,16.0,0.23399301513387663
16.0,17.0,Luka Modrić,Real Madrid,Croatia,1.0,,,,,,0.0,2.9,0.0006,0.0012,0.0,16.0,1.0,0.0,0.0,0.0,0.0,903.0,0.0,0.0,12.0,0.0,0.0,0.0,0.0,0.0,0.0,0.0,0.0,0.0,0.0,0.0,0.0,0.0,16.0,0.033760186263096625
16.0,17.0,Toni Kroos,Real Madrid,Germany,1.0,,,,,,0.0,2.9,0.0006,0.0012,0.0,16.0,0.0,2.0,0.0,0.0,0.0,996.0,0.0,0.0,12.0,0.0,0.0,0.0,0.0,0.0,0.0,0.0,0.0,0.0,0.0,0.0,0.0,0.0,16.0,0.1909196740395809
16.0,50.0,Andrés Iniesta,FC Barcelona,Spain,0.0,,,,,,0.0,1.0,0.0,0.0,0.0,16.0,0.0,1.0,1.0,0.0,0.0,787.0,0.0,0.0,7.0,0.0,0.0,2.0,1.0,0.0,0.0,0.0,0.0,0.0,0.0,0.0,0.0,0.0,16.0,0.0
16.0,50.0,Diego Godín,Atlético de Madrid,Uruguay,0.0,,,,,,0.0,1.0,0.0,0.0,0.0,16.0,0.0,1.0,2.0,0.0,0.0,1109.0,0.0,0.0,12.0,0.0,0.0,0.0,0.0,0.0,0.0,0.0,0.0,0.0,0.0,0.0,0.0,0.0,16.0,0.0640279394644936
16.0,50.0,Gonzalo Higuaín,SSC Napoli,Argentina,0.0,,,,,,0.0,1.0,0.0,0.0,0.0,16.0,2.0,0.0,0.0,0.0,0.0,223.0,0.0,0.0,0.0,0.0,0.0,0.0,0.0,0.0,0.0,5.0,0.0,0.0,0.0,0.0,0.0,0.0,16.0,0.17345750873108268
16.0,50.0,Hugo Lloris,Tottenham Hotspur,France,0.0,,,,,,0.0,1.0,0.0,0.0,0.0,16.0,0.0,0.0,0.0,0.0,0.0,810.0,11.0,2.0,0.0,0.0,0.0,0.0,0.0,0.0,0.0,9.0,0.0,0.0,0.0,0.0,0.0,0.0,16.0,0.11757857974388825
16.0,50.0,Kevin De Bruyne,Manchester City,Belgium,0.0,,,,,,0.0,1.0,0.0,0.0,0.0,16.0,3.0,0.0,1.0,0.0,0.0,711.0,0.0,0.0,10.0,0.0,0.0,0.0,0.0,0.0,0.0,0.0,0.0,0.0,0.0,0.0,0.0,0.0,16.0,0.23050058207217697
16.0,50.0,Koke,Atlético de Madrid,Spain,0.0,,,,,,0.0,1.0,0.0,0.0,0.0,16.0,0.0,1.0,2.0,0.0,0.0,1038.0,0.0,0.0,11.0,0.0,0.0,0.0,0.0,0.0,0.0,0.0,0.0,0.0,0.0,0.0,0.0,0.0,16.0,0.6146682188591386
16.0,50.0,Manuel Neuer,Bayern Munich,Germany,0.0,,,,,,0.0,1.0,0.0,0.0,0.0,16.0,0.0,0.0,1.0,0.0,0.0,1020.0,11.0,4.0,11.0,0.0,0.0,0.0,0.0,0.0,0.0,0.0,0.0,0.0,0.0,0.0,0.0,0.0,16.0,0.41909196740395815
16.0,50.0,Paulo Dybala,Juventus FC,Argentina,0.0,,,,,,0.0,1.0,0.0,0.0,0.0,16.0,1.0,0.0,1.0,0.0,0.0,419.0,0.0,0.0,7.0,0.0,0.0,0.0,0.0,0.0,0.0,0.0,0.0,0.0,0.0,0.0,0.0,0.0,16.0,0.25261932479627475
16.0,50.0,Sergio Agüero,Manchester City,Argentina,0.0,,,,,,0.0,1.0,0.0,0.0,0.0,16.0,2.0,0.0,0.0,0.0,0.0,705.0,0.0,0.0,9.0,0.0,0.0,0.0,0.0,0.0,0.0,0.0,0.0,0.0,0.0,0.0,0.0,0.0,16.0,0.15250291036088476
16.0,50.0,Sergio Ramos,Real Madrid,Spain,0.0,,,,,,0.0,1.0,0.0,0.0,0.0,16.0,1.0,0.0,3.0,0.0,0.0,899.0,0.0,0.0,10.0,0.0,0.0,0.0,0.0,0.0,0.0,0.0,0.0,0.0,0.0,0.0,0.0,0.0,16.0,0.2444703143189756
16.0,50.0,Thomas Müller,Bayern Munich,Germany,0.0,,,,,,0.0,1.0,0.0,0.0,0.0,16.0,8.0,3.0,1.0,0.0,0.0,925.0,0.0,0.0,12.0,0.0,0.0,0.0,0.0,0.0,0.0,0.0,0.0,0.0,0.0,0.0,0.0,0.0,16.0,0.1850989522700815
17.0,1.0,Cristiano Ronaldo,Real Madrid,Portugal,946.0,,,,,,0.0,50.0,0.3359,0.6045,0.0,17.0,16.0,6.0,1.0,0.0,0.0,1402.0,0.0,0.0,13.0,0.0,0.0,2.0,0.0,0.0,0.0,0.0,0.0,0.0,0.0,0.0,0.0,0.0,17.0,0.0
17.0,2.0,Lionel Messi,FC Barcelona,Argentina,670.0,,,,,,0.0,25.0,0.2379,0.4281,0.0,17.0,11.0,2.0,0.0,0.0,0.0,810.0,0.0,0.0,9.0,0.0,0.0,0.0,0.0,0.0,0.0,0.0,0.0,0.0,0.0,0.0,0.0,0.0,17.0,0.1722933643771828
17.0,3.0,Neymar,FC Barcelona,Brazil,361.0,,,,,,0.0,16.7,0.1282,0.2307,0.0,17.0,4.0,9.0,5.0,0.0,0.0,797.0,0.0,0.0,9.0,0.0,0.0,0.0,0.0,0.0,0.0,0.0,0.0,0.0,0.0,0.0,0.0,0.0,17.0,0.2584400465657742
17.0,4.0,Gianluigi Buffon,Juventus FC,Italy,221.0,,,,,,0.0,12.5,0.0785,0.1412,0.0,17.0,0.0,0.0,0.0,0.0,0.0,1080.0,7.0,8.0,12.0,0.0,0.0,0.0,0.0,0.0,0.0,0.0,0.0,0.0,0.0,0.0,0.0,0.0,17.0,0.0
17.0,5.0,Luka Modrić,Real Madrid,Croatia,84.0,,,,,,0.0,10.0,0.0298,0.0537,0.0,17.0,0.0,2.0,2.0,0.0,0.0,1232.0,0.0,0.0,11.0,0.0,0.0,2.0,1.0,0.0,0.0,0.0,0.0,0.0,0.0,0.0,0.0,0.0,17.0,0.02561117578579744
17.0,6.0,Sergio Ramos,Real Madrid,Spain,71.0,,,,,,0.0,8.3,0.0252,0.0454,0.0,17.0,2.0,2.0,5.0,0.0,0.0,1229.0,0.0,0.0,11.0,0.0,0.0,1.0,1.0,0.0,0.0,0.0,0.0,0.0,0.0,0.0,0.0,0.0,17.0,0.27590221187427244
17.0,7.0,Kylian Mbappé,AS Monaco,France,48.0,,,,,,0.0,7.1,0.017,0.0307,0.0,17.0,6.0,0.0,0.0,0.0,0.0,536.0,0.0,0.0,9.0,0.0,0.0,0.0,0.0,0.0,0.0,0.0,0.0,0.0,0.0,0.0,0.0,0.0,17.0,0.02211874272409779
17.0,9.0,Robert Lewandowski,Bayern Munich,Poland,45.0,,,,,,0.0,5.6,0.016,0.0288,0.0,17.0,8.0,1.0,0.0,0.0,0.0,794.0,0.0,0.0,9.0,0.0,0.0,0.0,0.0,0.0,0.0,0.0,0.0,0.0,0.0,0.0,0.0,0.0,17.0,0.2142025611175786
17.0,10.0,Harry Kane,Tottenham Hotspur,England,36.0,,,,,,0.0,5.0,0.0128,0.023,0.0,17.0,2.0,0.0,1.0,0.0,0.0,443.0,0.0,0.0,3.0,0.0,0.0,0.0,0.0,0.0,0.0,2.0,0.0,0.0,0.0,0.0,0.0,0.0,17.0,0.0
17.0,11.0,Edinson Cavani,Paris Saint-Germain,Uruguay,32.0,,,,,,0.0,4.5,0.0114,0.0204,0.0,17.0,8.0,1.0,1.0,0.0,0.0,720.0,0.0,0.0,8.0,0.0,0.0,0.0,0.0,0.0,0.0,0.0,0.0,0.0,0.0,0.0,0.0,0.0,17.0,0.15366705471478465
17.0,12.0,Isco,Real Madrid,Spain,28.0,,,,,,0.0,4.2,0.0099,0.0179,0.0,17.0,1.0,0.0,1.0,0.0,0.0,491.0,0.0,0.0,6.0,0.0,0.0,1.0,1.0,0.0,0.0,0.0,0.0,0.0,0.0,0.0,0.0,0.0,17.0,0.45518044237485455
17.0,13.0,Luis Suárez Díaz,FC Barcelona,Uruguay,27.0,,,,,,0.0,3.8,0.0096,0.0173,0.0,17.0,3.0,4.0,2.0,0.0,0.0,810.0,0.0,0.0,9.0,0.0,0.0,0.0,0.0,0.0,0.0,0.0,0.0,0.0,0.0,0.0,0.0,0.0,17.0,0.1350407450523865
17.0,14.0,Kevin De Bruyne,Manchester City,Belgium,25.0,,,,,,0.0,3.6,0.0089,0.016,0.0,17.0,1.0,2.0,1.0,0.0,0.0,619.0,0.0,0.0,6.0,1.0,0.0,0.0,0.0,0.0,0.0,0.0,0.0,0.0,0.0,0.0,0.0,0.0,17.0,0.15948777648428406
17.0,15.0,Paulo Dybala,Juventus FC,Argentina,23.0,,,,,,0.0,3.3,0.0082,0.0147,0.0,17.0,4.0,0.0,1.0,0.0,0.0,797.0,0.0,0.0,11.0,0.0,0.0,0.0,0.0,0.0,0.0,0.0,0.0,0.0,0.0,0.0,0.0,0.0,17.0,0.5960419091967404
17.0,16.0,Marcelo,Real Madrid,Brazil,21.0,,,,,,0.0,3.1,0.0075,0.0134,0.0,17.0,0.0,2.0,1.0,0.0,0.0,1331.0,0.0,0.0,11.0,0.0,0.0,2.0,1.0,0.0,0.0,0.0,0.0,0.0,0.0,0.0,0.0,0.0,17.0,0.6239813736903377
17.0,17.0,Toni Kroos,Real Madrid,Germany,20.0,,,,,,0.0,2.9,0.0071,0.0128,0.0,17.0,1.0,3.0,3.0,0.0,0.0,1220.0,0.0,0.0,12.0,0.0,0.0,2.0,0.0,0.0,0.0,0.0,0.0,0.0,0.0,0.0,0.0,0.0,17.0,0.16181606519208383
17.0,18.0,Antoine Griezmann,Atlético de Madrid,France,17.0,,,,,,0.0,2.8,0.006,0.0109,0.0,17.0,6.0,2.0,0.0,0.0,0.0,1065.0,0.0,0.0,12.0,0.0,0.0,0.0,0.0,0.0,0.0,0.0,0.0,0.0,0.0,0.0,0.0,0.0,17.0,0.16996507566938301
17.0,20.0,David de Gea,Manchester United,Spain,15.0,,,,,,0.0,2.5,0.0053,0.0096,0.0,17.0,0.0,0.0,0.0,0.0,0.0,270.0,4.0,0.0,0.0,0.0,0.0,0.0,0.0,0.0,0.0,3.0,0.0,0.0,0.0,0.0,0.0,0.0,17.0,0.22351571594877767
17.0,21.0,Leonardo Bonucci,Juventus FC,Italy,14.0,,,,,,0.0,2.4,0.005,0.0089,0.0,17.0,1.0,1.0,3.0,0.0,0.0,968.0,0.0,0.0,11.0,0.0,0.0,0.0,0.0,0.0,0.0,0.0,0.0,0.0,0.0,0.0,0.0,0.0,17.0,0.20372526193247967
17.0,21.0,Pierre-Emerick Aubameyang,Borussia Dortmund,Gabon,14.0,,,,,,0.0,2.4,0.005,0.0089,0.0,17.0,7.0,1.0,1.0,0.0,0.0,708.0,0.0,0.0,9.0,0.0,0.0,0.0,0.0,0.0,0.0,0.0,0.0,0.0,0.0,0.0,0.0,0.0,17.0,0.11175785797438884
17.0,24.0,Radamel Falcao,AS Monaco,Colombia,9.0,,,,,,0.0,2.1,0.0032,0.0058,0.0,17.0,7.0,1.0,4.0,0.0,0.0,801.0,0.0,0.0,8.0,2.0,0.0,0.0,0.0,0.0,0.0,0.0,0.0,0.0,0.0,0.0,0.0,0.0,17.0,0.0
17.0,25.0,Karim Benzema,Real Madrid,France,7.0,,,,,,0.0,2.0,0.0025,0.0045,0.0,17.0,7.0,2.0,0.0,0.0,0.0,1211.0,0.0,0.0,13.0,0.0,0.0,2.0,1.0,0.0,0.0,0.0,0.0,0.0,0.0,0.0,0.0,0.0,17.0,0.10826542491268919
17.0,26.0,Jan Oblak,Atlético de Madrid,Slovenia,4.0,,,,,,0.0,1.9,0.0014,0.0026,0.0,17.0,0.0,0.0,0.0,0.0,0.0,990.0,7.0,6.0,11.0,0.0,0.0,0.0,0.0,0.0,0.0,0.0,0.0,0.0,0.0,0.0,0.0,0.0,17.0,0.0
17.0,27.0,Mats Hummels,Bayern Munich,Germany,3.0,,,,,,0.0,1.9,0.0011,0.0019,0.0,17.0,0.0,0.0,2.0,0.0,0.0,681.0,0.0,0.0,9.0,0.0,0.0,0.0,0.0,0.0,0.0,0.0,0.0,0.0,0.0,0.0,0.0,0.0,17.0,0.050058207217695
17.0,28.0,Edin Džeko,AS Roma,Bosnia & Herzegovina,2.0,,,,,,0.0,1.8,0.0007,0.0013,0.0,17.0,8.0,1.0,0.0,0.0,0.0,672.0,0.0,0.0,0.0,2.0,0.0,0.0,0.0,0.0,0.0,8.0,0.0,0.0,0.0,0.0,0.0,0.0,17.0,0.0931315483119907
17.0,50.0,Dries Mertens,SSC Napoli,Belgium,0.0,,,,,,0.0,1.0,0.0,0.0,0.0,17.0,5.0,4.0,1.0,0.0,0.0,571.0,0.0,0.0,8.0,0.0,0.0,0.0,0.0,0.0,0.0,0.0,0.0,0.0,0.0,0.0,0.0,0.0,17.0,0.28637951105937137
18.0,1.0,Luka Modrić,Real Madrid,Croatia,753.0,79.0,45.0,26.0,8.0,5.0,163.0,50.0,0.2615,0.6972,0.9056,18.0,1.0,2.0,2.0,0.0,0.0,1228.0,0.0,0.0,11.0,0.0,0.0,2.0,1.0,0.0,0.0,0.0,0.0,0.0,0.0,0.0,0.0,0.0,18.0,0.23981373690337607
18.0,2.0,Cristiano Ronaldo,Real Madrid,Portugal,476.0,22.0,41.0,34.0,30.0,18.0,145.0,25.0,0.1653,0.4407,0.8056,18.0,17.0,3.0,2.0,0.0,0.0,1357.0,0.0,0.0,13.0,0.0,0.0,2.0,1.0,0.0,0.0,0.0,0.0,0.0,0.0,0.0,0.0,0.0,18.0,0.0
18.0,3.0,Antoine Griezmann,Atlético de Madrid,France,414.0,29.0,28.0,26.0,20.0,10.0,113.0,16.7,0.1438,0.3833,0.6278,18.0,8.0,6.0,1.0,0.0,0.0,1159.0,0.0,0.0,6.0,0.0,0.0,0.0,0.0,0.0,0.0,8.0,0.0,0.0,0.0,0.0,0.0,0.0,18.0,0.2630966239813737
18.0,4.0,Kylian Mbappé,Paris Saint-Germain,France,347.0,19.0,27.0,18.0,22.0,27.0,113.0,12.5,0.1205,0.3213,0.6278,18.0,4.0,3.0,1.0,0.0,0.0,658.0,0.0,0.0,8.0,0.0,0.0,0.0,0.0,0.0,0.0,0.0,0.0,0.0,0.0,0.0,0.0,0.0,18.0,0.07334109429569267
18.0,5.0,Lionel Messi,FC Barcelona,Argentina,280.0,12.0,14.0,19.0,33.0,29.0,107.0,10.0,0.0972,0.2593,0.5944,18.0,6.0,2.0,2.0,0.0,0.0,783.0,0.0,0.0,10.0,0.0,0.0,0.0,0.0,0.0,0.0,0.0,0.0,0.0,0.0,0.0,0.0,0.0,18.0,0.20139697322467986
18.0,6.0,Mohamed Salah,Liverpool FC,Egypt,188.0,3.0,7.0,23.0,19.0,35.0,87.0,8.3,0.0653,0.1741,0.4833,18.0,11.0,5.0,0.0,0.0,0.0,1109.0,0.0,0.0,13.0,2.0,0.0,0.0,0.0,0.0,0.0,0.0,0.0,0.0,0.0,0.0,0.0,0.0,18.0,0.46100116414435394
18.0,7.0,Raphaël Varane,Real Madrid,France,121.0,7.0,6.0,8.0,11.0,9.0,41.0,7.1,0.042,0.112,0.2278,18.0,0.0,1.0,1.0,0.0,0.0,1208.0,0.0,0.0,11.0,0.0,0.0,2.0,1.0,0.0,0.0,0.0,0.0,0.0,0.0,0.0,0.0,0.0,18.0,0.2654249126891735
18.0,8.0,Eden Hazard,Chelsea FC,Belgium,119.0,2.0,7.0,14.0,13.0,11.0,47.0,6.3,0.0413,0.1102,0.2611,18.0,3.0,4.0,0.0,0.0,0.0,611.0,0.0,0.0,8.0,0.0,0.0,0.0,0.0,0.0,0.0,0.0,0.0,0.0,0.0,0.0,0.0,0.0,18.0,0.31315483119906873
18.0,9.0,Kevin De Bruyne,Manchester City,Belgium,29.0,0.0,0.0,2.0,10.0,3.0,15.0,5.6,0.0101,0.0269,0.0833,18.0,1.0,4.0,4.0,0.0,0.0,667.0,0.0,0.0,8.0,0.0,0.0,0.0,0.0,0.0,0.0,0.0,0.0,0.0,0.0,0.0,0.0,0.0,18.0,0.3585564610011642
18.0,10.0,Harry Kane,Tottenham Hotspur,England,25.0,1.0,1.0,2.0,2.0,5.0,11.0,5.0,0.0087,0.0231,0.0611,18.0,7.0,2.0,0.0,0.0,0.0,597.0,0.0,0.0,7.0,0.0,0.0,0.0,0.0,0.0,0.0,0.0,0.0,0.0,0.0,0.0,0.0,0.0,18.0,0.0
18.0,11.0,N'Golo Kanté,Chelsea FC,France,24.0,0.0,1.0,2.0,3.0,8.0,14.0,4.5,0.0083,0.0222,0.0778,18.0,0.0,0.0,0.0,0.0,0.0,498.0,0.0,0.0,6.0,0.0,0.0,0.0,0.0,0.0,0.0,0.0,0.0,0.0,0.0,0.0,0.0,0.0,18.0,0.1909196740395809
18.0,12.0,Neymar,Paris Saint-Germain,Brazil,19.0,1.0,1.0,2.0,0.0,3.0,7.0,4.2,0.0066,0.0176,0.0389,18.0,6.0,3.0,2.0,0.0,0.0,630.0,0.0,0.0,7.0,0.0,0.0,0.0,0.0,0.0,0.0,0.0,0.0,0.0,0.0,0.0,0.0,0.0,18.0,0.2561117578579744
18.0,13.0,Luis Suárez Díaz,FC Barcelona,Uruguay,17.0,2.0,0.0,1.0,1.0,0.0,4.0,3.8,0.0059,0.0157,0.0222,18.0,1.0,4.0,2.0,0.0,0.0,884.0,0.0,0.0,10.0,0.0,0.0,0.0,0.0,0.0,0.0,0.0,0.0,0.0,0.0,0.0,0.0,0.0,18.0,0.14551804423748546
18.0,14.0,Thibaut Courtois,Chelsea FC,Belgium,12.0,1.0,0.0,0.0,1.0,4.0,6.0,3.6,0.0042,0.0111,0.0333,18.0,0.0,0.0,0.0,0.0,0.0,720.0,12.0,2.0,8.0,0.0,0.0,0.0,0.0,0.0,0.0,0.0,0.0,0.0,0.0,0.0,0.0,0.0,18.0,0.28987194412107103
18.0,15.0,Paul Pogba,Manchester United,France,9.0,0.0,0.0,2.0,1.0,1.0,4.0,3.3,0.0031,0.0083,0.0222,18.0,0.0,1.0,0.0,0.0,0.0,368.0,0.0,0.0,5.0,0.0,0.0,0.0,1.0,0.0,0.0,0.0,0.0,0.0,0.0,0.0,0.0,0.0,18.0,0.1909196740395809
18.0,16.0,Sergio Agüero,Manchester City,Argentina,7.0,1.0,0.0,0.0,0.0,1.0,2.0,3.1,0.0024,0.0065,0.0111,18.0,4.0,1.0,0.0,0.0,0.0,440.0,0.0,0.0,7.0,0.0,0.0,0.0,0.0,0.0,0.0,0.0,0.0,0.0,0.0,0.0,0.0,0.0,18.0,0.2933643771827707
18.0,17.0,Gareth Bale,Real Madrid,Wales,6.0,0.0,0.0,0.0,2.0,2.0,4.0,2.9,0.0021,0.0056,0.0222,18.0,4.0,3.0,1.0,0.0,0.0,390.0,0.0,0.0,7.0,0.0,0.0,2.0,1.0,0.0,0.0,0.0,0.0,0.0,0.0,0.0,0.0,0.0,18.0,0.11757857974388825
18.0,17.0,Karim Benzema,Real Madrid,France,6.0,1.0,0.0,0.0,0.0,0.0,1.0,2.9,0.0021,0.0056,0.0056,18.0,5.0,0.0,0.0,0.0,0.0,843.0,0.0,0.0,9.0,0.0,0.0,2.0,1.0,0.0,0.0,0.0,0.0,0.0,0.0,0.0,0.0,0.0,18.0,0.13736903376018628
18.0,19.0,Ivan Rakitić,FC Barcelona,Croatia,4.0,0.0,0.0,1.0,0.0,1.0,2.0,2.6,0.0014,0.0037,0.0111,18.0,1.0,0.0,1.0,0.0,0.0,758.0,0.0,0.0,10.0,0.0,0.0,0.0,0.0,0.0,0.0,0.0,0.0,0.0,0.0,0.0,0.0,0.0,18.0,0.23282887077997677
18.0,19.0,Roberto Firmino,Liverpool FC,Brazil,4.0,0.0,1.0,0.0,0.0,0.0,1.0,2.6,0.0014,0.0037,0.0056,18.0,11.0,9.0,2.0,0.0,0.0,1227.0,0.0,0.0,13.0,2.0,0.0,0.0,0.0,0.0,0.0,0.0,0.0,0.0,0.0,0.0,0.0,0.0,18.0,0.0
18.0,19.0,Sergio Ramos,Real Madrid,Spain,4.0,0.0,1.0,0.0,0.0,0.0,1.0,2.6,0.0014,0.0037,0.0056,18.0,1.0,0.0,4.0,0.0,0.0,1170.0,0.0,0.0,11.0,0.0,0.0,1.0,1.0,0.0,0.0,0.0,0.0,0.0,0.0,0.0,0.0,0.0,18.0,0.36088474970896395
18.0,22.0,Edinson Cavani,Paris Saint-Germain,Uruguay,3.0,0.0,0.0,0.0,1.0,1.0,2.0,2.3,0.001,0.0028,0.0111,18.0,7.0,1.0,1.0,0.0,0.0,680.0,0.0,0.0,8.0,0.0,0.0,0.0,0.0,0.0,0.0,0.0,0.0,0.0,0.0,0.0,0.0,0.0,18.0,0.33178114086146687
18.0,22.0,Marcelo,Real Madrid,Brazil,3.0,0.0,0.0,0.0,1.0,1.0,2.0,2.3,0.001,0.0028,0.0111,18.0,3.0,4.0,1.0,0.0,0.0,1228.0,0.0,0.0,11.0,0.0,0.0,2.0,1.0,0.0,0.0,0.0,0.0,0.0,0.0,0.0,0.0,0.0,18.0,0.5168800931315484
18.0,22.0,Sadio Mané,Liverpool FC,Senegal,3.0,0.0,0.0,0.0,0.0,3.0,3.0,2.3,0.001,0.0028,0.0167,18.0,10.0,2.0,2.0,0.0,0.0,1117.0,0.0,0.0,11.0,2.0,0.0,0.0,0.0,0.0,0.0,0.0,0.0,0.0,0.0,0.0,0.0,0.0,18.0,0.19674039580908034
18.0,25.0,Alisson,AS Roma,Brazil,2.0,0.0,0.0,0.0,1.0,0.0,1.0,2.0,0.0007,0.0019,0.0056,18.0,0.0,0.0,0.0,0.0,0.0,1080.0,19.0,5.0,12.0,0.0,0.0,0.0,0.0,0.0,0.0,0.0,0.0,0.0,0.0,0.0,0.0,0.0,18.0,0.44470314318975557
18.0,25.0,Jan Oblak,Atlético de Madrid,Slovenia,2.0,0.0,0.0,0.0,1.0,0.0,1.0,2.0,0.0007,0.0019,0.0056,18.0,0.0,0.0,1.0,0.0,0.0,1080.0,6.0,7.0,6.0,0.0,0.0,0.0,0.0,0.0,0.0,6.0,0.0,0.0,0.0,0.0,0.0,0.0,18.0,0.0
18.0,25.0,Mario Mandžukić,Juventus FC,Croatia,2.0,0.0,0.0,0.0,0.0,2.0,2.0,2.0,0.0007,0.0019,0.0111,18.0,4.0,0.0,2.0,0.0,0.0,457.0,0.0,0.0,6.0,0.0,0.0,0.0,0.0,0.0,0.0,0.0,0.0,0.0,0.0,0.0,0.0,0.0,18.0,0.20023282887078
18.0,28.0,Diego Godín,Atlético de Madrid,Uruguay,1.0,0.0,0.0,0.0,0.0,1.0,1.0,1.8,0.0003,0.0009,0.0056,18.0,0.0,0.0,0.0,0.0,0.0,1080.0,0.0,0.0,4.0,0.0,0.0,0.0,0.0,0.0,0.0,8.0,0.0,0.0,0.0,0.0,0.0,0.0,18.0,0.16996507566938301
18.0,50.0,Hugo Lloris,Tottenham Hotspur,France,0.0,0.0,0.0,0.0,0.0,0.0,0.0,1.0,0.0,0.0,0.0,18.0,0.0,0.0,0.0,0.0,0.0,630.0,8.0,1.0,7.0,0.0,0.0,0.0,0.0,0.0,0.0,0.0,0.0,0.0,0.0,0.0,0.0,0.0,18.0,0.2444703143189756
18.0,50.0,Isco,Real Madrid,Spain,0.0,0.0,0.0,0.0,0.0,0.0,0.0,1.0,0.0,0.0,0.0,18.0,1.0,2.0,1.0,0.0,0.0,950.0,0.0,0.0,11.0,0.0,0.0,2.0,1.0,0.0,0.0,0.0,0.0,0.0,0.0,0.0,0.0,0.0,18.0,0.39930151338766007
19.0,1.0,Lionel Messi,FC Barcelona,Argentina,686.0,,,,,,,,0.2436,,,19.0,12.0,3.0,0.0,0.0,0.0,837.0,0.0,0.0,10.0,0.0,0.0,0.0,0.0,0.0,0.0,0.0,0.0,0.0,0.0,0.0,0.0,0.0,19.0,0.16996507566938301
19.0,2.0,Virgil van Dijk,Liverpool FC,Netherlands,679.0,,,,,,,,0.2411,,,19.0,2.0,2.0,3.0,0.0,0.0,1080.0,0.0,0.0,12.0,0.0,0.0,0.0,0.0,0.0,0.0,0.0,0.0,0.0,0.0,0.0,0.0,0.0,19.0,0.4912689173457509
19.0,3.0,Cristiano Ronaldo,Juventus FC,Portugal,476.0,,,,,,,,0.169,,,19.0,6.0,2.0,1.0,0.0,1.0,749.0,0.0,0.0,9.0,0.0,0.0,0.0,0.0,0.0,0.0,0.0,0.0,0.0,0.0,0.0,0.0,0.0,19.0,0.0
19.0,4.0,Sadio Mané,Liverpool FC,Senegal,347.0,,,,,,,,0.1232,,,19.0,4.0,3.0,2.0,0.0,0.0,1152.0,0.0,0.0,13.0,0.0,0.0,0.0,0.0,0.0,0.0,0.0,0.0,0.0,0.0,0.0,0.0,0.0,19.0,0.33876600698486614
19.0,5.0,Mohamed Salah,Liverpool FC,Egypt,178.0,,,,,,,,0.0632,,,19.0,5.0,2.0,1.0,0.0,0.0,1058.0,0.0,0.0,12.0,0.0,0.0,0.0,0.0,0.0,0.0,0.0,0.0,0.0,0.0,0.0,0.0,0.0,19.0,0.18859138533178116
19.0,6.0,Kylian Mbappé,Paris Saint-Germain,France,89.0,,,,,,,,0.0316,,,19.0,4.0,5.0,1.0,0.0,0.0,701.0,0.0,0.0,8.0,0.0,0.0,0.0,0.0,0.0,0.0,0.0,0.0,0.0,0.0,0.0,0.0,0.0,19.0,0.03958090803259605
19.0,8.0,Robert Lewandowski,Bayern Munich,Poland,44.0,,,,,,,,0.0156,,,19.0,8.0,0.0,0.0,0.0,0.0,714.0,0.0,0.0,8.0,0.0,0.0,0.0,0.0,0.0,0.0,0.0,0.0,0.0,0.0,0.0,0.0,0.0,19.0,0.16181606519208383
19.0,9.0,Bernardo Silva,Manchester City,Portugal,41.0,,,,,,,,0.0146,,,19.0,4.0,2.0,0.0,0.0,0.0,578.0,0.0,0.0,8.0,0.0,0.0,0.0,0.0,0.0,0.0,0.0,0.0,0.0,0.0,0.0,0.0,0.0,19.0,0.0
19.0,10.0,Riyad Mahrez,Manchester City,Algeria,33.0,,,,,,,,0.0117,,,19.0,1.0,4.0,1.0,0.0,0.0,388.0,0.0,0.0,6.0,0.0,0.0,0.0,0.0,0.0,0.0,0.0,0.0,0.0,0.0,0.0,0.0,0.0,19.0,0.21071012805587896
19.0,13.0,Eden Hazard,Chelsea FC,Belgium,25.0,,,,,,,,0.0089,,,19.0,2.0,2.0,0.0,0.0,0.0,451.0,0.0,0.0,0.0,0.0,0.0,0.0,0.0,0.0,0.0,8.0,0.0,0.0,0.0,0.0,0.0,0.0,19.0,0.3282887077997672
19.0,14.0,Kevin De Bruyne,Manchester City,Belgium,14.0,,,,,,,,0.005,,,19.0,0.0,4.0,0.0,0.0,0.0,248.0,0.0,0.0,4.0,0.0,0.0,0.0,0.0,0.0,0.0,0.0,0.0,0.0,0.0,0.0,0.0,0.0,19.0,0.20372526193247967
19.0,16.0,Sergio Agüero,Manchester City,Argentina,12.0,,,,,,,,0.0043,,,19.0,6.0,1.0,2.0,0.0,0.0,510.0,0.0,0.0,7.0,0.0,0.0,0.0,0.0,0.0,0.0,0.0,0.0,0.0,0.0,0.0,0.0,0.0,19.0,0.440046565774156
19.0,18.0,Antoine Griezmann,Atlético de Madrid,France,9.0,,,,,,,,0.0032,,,19.0,4.0,2.0,2.0,0.0,0.0,777.0,0.0,0.0,8.0,0.0,0.0,0.0,1.0,0.0,0.0,0.0,0.0,0.0,0.0,0.0,0.0,0.0,19.0,0.16763678696158324
19.0,19.0,Trent Alexander-Arnold,Liverpool FC,England,8.0,,,,,,,,0.0028,,,19.0,0.0,4.0,0.0,0.0,0.0,922.0,0.0,0.0,11.0,0.0,0.0,0.0,0.0,0.0,0.0,0.0,0.0,0.0,0.0,0.0,0.0,0.0,19.0,0.32479627473806755
19.0,22.0,Son Heung-min,Tottenham Hotspur,South Korea,4.0,,,,,,,,0.0014,,,19.0,4.0,1.0,3.0,0.0,0.0,905.0,0.0,0.0,12.0,0.0,0.0,0.0,0.0,0.0,0.0,0.0,0.0,0.0,0.0,0.0,0.0,0.0,19.0,0.1711292200232829
19.0,26.0,Karim Benzema,Real Madrid,France,1.0,,,,,,,,0.0004,,,19.0,5.0,3.0,0.0,0.0,0.0,888.0,0.0,0.0,8.0,0.0,0.0,2.0,1.0,0.0,0.0,0.0,0.0,0.0,0.0,0.0,0.0,0.0,19.0,0.10593713620488941
21.0,1.0,Lionel Messi,FC Barcelona,Argentina,613.0,,,,,,,,0.2254,,,21.0,5.0,2.0,0.0,0.0,0.0,540.0,0.0,0.0,6.0,0.0,0.0,0.0,0.0,0.0,0.0,0.0,0.0,0.0,0.0,0.0,0.0,0.0,21.0,0.24097788125727593
21.0,2.0,Robert Lewandowski,Bayern Munich,Poland,580.0,,,,,,,,0.2132,,,21.0,7.0,2.0,0.0,0.0,0.0,797.0,0.0,0.0,6.0,0.0,0.0,2.0,1.0,0.0,0.0,0.0,0.0,0.0,0.0,0.0,0.0,0.0,21.0,0.3573923166472643
21.0,4.0,Karim Benzema,Real Madrid,France,239.0,,,,,,,,0.0879,,,21.0,6.0,0.0,0.0,0.0,0.0,839.0,0.0,0.0,10.0,0.0,0.0,0.0,0.0,0.0,0.0,0.0,0.0,0.0,0.0,0.0,0.0,0.0,21.0,0.27706635622817233
21.0,6.0,Cristiano Ronaldo,Juventus FC,Portugal,178.0,,,,,,,,0.0654,,,21.0,4.0,2.0,0.0,0.0,0.0,568.0,0.0,0.0,6.0,0.0,0.0,0.0,0.0,0.0,0.0,0.0,0.0,0.0,0.0,0.0,0.0,0.0,21.0,0.0
21.0,7.0,Mohamed Salah,Liverpool FC,Egypt,121.0,,,,,,,,0.0445,,,21.0,6.0,1.0,0.0,0.0,0.0,781.0,0.0,0.0,10.0,0.0,0.0,0.0,0.0,0.0,0.0,0.0,0.0,0.0,0.0,0.0,0.0,0.0,21.0,0.13387660069848664
21.0,8.0,Kevin De Bruyne,Manchester City,Belgium,73.0,,,,,,,,0.0268,,,21.0,3.0,4.0,2.0,0.0,0.0,669.0,0.0,0.0,8.0,0.0,0.0,0.0,0.0,0.0,0.0,0.0,0.0,0.0,0.0,0.0,0.0,0.0,21.0,0.50058207217695
21.0,9.0,Kylian Mbappé,Paris Saint-Germain,France,58.0,,,,,,,,0.0213,,,21.0,8.0,3.0,0.0,0.0,0.0,900.0,0.0,0.0,10.0,0.0,0.0,0.0,0.0,0.0,0.0,0.0,0.0,0.0,0.0,0.0,0.0,0.0,21.0,0.11059371362048896
21.0,11.0,Erling Haaland,Borussia Dortmund,Norway,33.0,,,,,,,,0.0121,,,21.0,10.0,2.0,2.0,0.0,0.0,706.0,0.0,0.0,8.0,0.0,0.0,0.0,0.0,0.0,0.0,0.0,0.0,0.0,0.0,0.0,0.0,0.0,21.0,0.31315483119906873
21.0,16.0,Neymar,Paris Saint-Germain,Brazil,9.0,,,,,,,,0.0033,,,21.0,6.0,3.0,3.0,0.0,0.0,746.0,0.0,0.0,9.0,0.0,0.0,0.0,0.0,0.0,0.0,0.0,0.0,0.0,0.0,0.0,0.0,0.0,21.0,0.15599534342258442
21.0,17.0,Luis Suárez,Atlético de Madrid,Uruguay,8.0,,,,,,,,0.0029,,,21.0,0.0,0.0,1.0,0.0,0.0,461.0,0.0,0.0,6.0,0.0,0.0,0.0,0.0,0.0,0.0,0.0,0.0,0.0,0.0,0.0,0.0,0.0,21.0,0.3585564610011642
21.0,19.0,Riyad Mahrez,Manchester City,Algeria,7.0,,,,,,,,0.0026,,,21.0,4.0,2.0,0.0,0.0,0.0,812.0,0.0,0.0,12.0,0.0,0.0,0.0,0.0,0.0,0.0,0.0,0.0,0.0,0.0,0.0,0.0,0.0,21.0,0.2910360884749709
21.0,21.0,Lautaro Martínez,Inter Milan,Argentina,6.0,,,,,,,,0.0022,,,21.0,1.0,1.0,1.0,0.0,0.0,408.0,0.0,0.0,6.0,0.0,0.0,0.0,0.0,0.0,0.0,0.0,0.0,0.0,0.0,0.0,0.0,0.0,,
21.0,23.0,Harry Kane,Tottenham Hotspur,England,4.0,,,,,,,,0.0015,,,21.0,8.0,3.0,0.0,0.0,0.0,508.0,0.0,0.0,0.0,0.0,0.0,0.0,0.0,0.0,0.0,5.0,3.0,0.0,0.0,0.0,0.0,0.0,21.0,0.0
21.0,25.0,Phil Foden,Manchester City,England,2.0,,,,,,,,0.0007,,,21.0,3.0,3.0,0.0,0.0,0.0,1066.0,0.0,0.0,13.0,0.0,0.0,0.0,0.0,0.0,0.0,0.0,0.0,0.0,0.0,0.0,0.0,0.0,21.0,0.46565774155995354
21.0,26.0,Nicolò Barella,Inter Milan,Italy,1.0,,,,,,,,0.0004,,,21.0,0.0,1.0,2.0,0.0,0.0,528.0,0.0,0.0,6.0,0.0,0.0,0.0,0.0,0.0,0.0,0.0,0.0,0.0,0.0,0.0,0.0,0.0,21.0,0.2689173457508731
21.0,26.0,Rúben Dias,Manchester City,Portugal,1.0,,,,,,,,0.0004,,,21.0,0.0,0.0,1.0,0.0,0.0,970.0,0.0,0.0,11.0,0.0,0.0,0.0,0.0,0.0,0.0,0.0,0.0,0.0,0.0,0.0,0.0,0.0,21.0,0.3934807916181607
21.0,26.0,Rúben Dias,SL Benfica,Portugal,1.0,,,,,,,,0.0004,,,21.0,0.0,0.0,0.0,0.0,0.0,90.0,0.0,0.0,0.0,1.0,0.0,0.0,0.0,0.0,0.0,0.0,0.0,0.0,0.0,0.0,0.0,0.0,21.0,0.3934807916181607
21.0,29.0,Luka Modrić,Real Madrid,Croatia,0.0,,,,,,,,0.0,,,21.0,1.0,3.0,0.0,0.0,0.0,911.0,0.0,0.0,12.0,0.0,0.0,0.0,0.0,0.0,0.0,0.0,0.0,0.0,0.0,0.0,0.0,0.0,21.0,0.0791618160651921
22.0,1.0,Karim Benzema,Real Madrid,France,549.0,,,,,,,,0.369,,,22.0,15.0,2.0,1.0,0.0,0.0,1106.0,0.0,0.0,12.0,0.0,0.0,0.0,0.0,0.0,0.0,0.0,0.0,0.0,0.0,0.0,0.0,0.0,22.0,0.5855646100116415
22.0,2.0,Sadio Mané,Liverpool FC,Senegal,193.0,,,,,,,,0.1297,,,22.0,5.0,1.0,2.0,0.0,0.0,822.0,0.0,0.0,13.0,0.0,0.0,0.0,0.0,0.0,0.0,0.0,0.0,0.0,0.0,0.0,0.0,0.0,22.0,0.8067520372526195
22.0,3.0,Kevin De Bruyne,Manchester City,Belgium,175.0,,,,,,,,0.1176,,,22.0,2.0,3.0,2.0,0.0,0.0,735.0,0.0,0.0,10.0,0.0,0.0,0.0,0.0,0.0,0.0,0.0,0.0,0.0,0.0,0.0,0.0,0.0,22.0,0.5343422584400466
22.0,4.0,Robert Lewandowski,Bayern Munich,Poland,170.0,,,,,,,,0.1142,,,22.0,13.0,3.0,1.0,0.0,0.0,876.0,0.0,0.0,10.0,0.0,0.0,0.0,0.0,0.0,0.0,0.0,0.0,0.0,0.0,0.0,0.0,0.0,22.0,0.5925494761350407
22.0,5.0,Mohamed Salah,Liverpool FC,Egypt,116.0,,,,,,,,0.078,,,22.0,8.0,2.0,0.0,0.0,0.0,1009.0,0.0,0.0,13.0,0.0,0.0,0.0,0.0,0.0,0.0,0.0,0.0,0.0,0.0,0.0,0.0,0.0,22.0,0.2130384167636787
22.0,6.0,Kylian Mbappé,Paris Saint-Germain,France,85.0,,,,,,,,0.0571,,,22.0,6.0,6.0,1.0,0.0,0.0,671.0,0.0,0.0,8.0,0.0,0.0,0.0,0.0,0.0,0.0,0.0,0.0,0.0,0.0,0.0,0.0,0.0,22.0,0.2689173457508731
22.0,7.0,Thibaut Courtois,Real Madrid,Belgium,82.0,,,,,,,,0.0551,,,22.0,0.0,0.0,0.0,0.0,0.0,1230.0,14.0,5.0,13.0,0.0,0.0,0.0,0.0,0.0,0.0,0.0,0.0,0.0,0.0,0.0,0.0,0.0,22.0,0.23166472642607683
22.0,8.0,Vinícius Júnior,Real Madrid,Brazil,61.0,,,,,,,,0.041,,,22.0,4.0,7.0,1.0,0.0,0.0,1201.0,0.0,0.0,13.0,0.0,0.0,0.0,0.0,0.0,0.0,0.0,0.0,0.0,0.0,0.0,0.0,0.0,22.0,0.5145518044237486
22.0,9.0,Luka Modrić,Real Madrid,Croatia,20.0,,,,,,,,0.0134,,,22.0,0.0,4.0,1.0,0.0,0.0,1078.0,0.0,0.0,13.0,0.0,0.0,0.0,0.0,0.0,0.0,0.0,0.0,0.0,0.0,0.0,0.0,0.0,22.0,0.22700814901047733
22.0,10.0,Erling Haaland,Borussia Dortmund,Norway,18.0,,,,,,,,0.0121,,,22.0,3.0,0.0,0.0,0.0,0.0,203.0,0.0,0.0,3.0,0.0,0.0,0.0,0.0,0.0,0.0,0.0,0.0,0.0,0.0,0.0,0.0,0.0,22.0,0.5634458672875438
22.0,11.0,Son Heung-min,Tottenham Hotspur,South Korea,5.0,,,,,,,,0.0034,,,22.0,1.0,1.0,0.0,0.0,0.0,156.0,0.0,0.0,0.0,0.0,0.0,0.0,0.0,0.0,0.0,0.0,0.0,0.0,0.0,3.0,1.0,0.0,22.0,0.5448195576251456
22.0,12.0,Riyad Mahrez,Manchester City,Algeria,4.0,,,,,,,,0.0027,,,22.0,7.0,2.0,1.0,0.0,0.0,986.0,0.0,0.0,12.0,0.0,0.0,0.0,0.0,0.0,0.0,0.0,0.0,0.0,0.0,0.0,0.0,0.0,22.0,0.270081490104773
22.0,13.0,Sébastien Haller,Ajax Amsterdam,Ivory Coast,2.0,,,,,,,,0.0013,,,22.0,11.0,2.0,1.0,0.0,0.0,667.0,0.0,0.0,8.0,0.0,0.0,0.0,0.0,0.0,0.0,0.0,0.0,0.0,0.0,0.0,0.0,0.0,22.0,0.41094295692665894
22.0,14.0,Fabinho,Liverpool FC,Brazil,2.0,,,,,,,,0.0013,,,22.0,1.0,0.0,1.0,0.0,0.0,848.0,0.0,0.0,13.0,0.0,0.0,0.0,0.0,0.0,0.0,0.0,0.0,0.0,0.0,0.0,0.0,0.0,22.0,0.23282887077997677
22.0,14.0,Rafael Leão,AC Milan,Portugal,2.0,,,,,,,,0.0013,,,22.0,1.0,1.0,1.0,0.0,0.0,294.0,0.0,0.0,4.0,0.0,0.0,0.0,0.0,0.0,0.0,0.0,0.0,0.0,0.0,0.0,0.0,0.0,22.0,0.7694994179278232
22.0,16.0,Virgil van Dijk,Liverpool FC,Netherlands,1.0,,,,,,,,0.0007,,,22.0,0.0,1.0,1.0,0.0,0.0,810.0,0.0,0.0,9.0,0.0,0.0,0.0,0.0,0.0,0.0,0.0,0.0,0.0,0.0,0.0,0.0,0.0,22.0,0.3410942956926659
22.0,17.0,Casemiro,Real Madrid,Brazil,1.0,,,,,,,,0.0007,,,22.0,0.0,0.0,3.0,0.0,0.0,914.0,0.0,0.0,11.0,0.0,0.0,0.0,0.0,0.0,0.0,0.0,0.0,0.0,0.0,0.0,0.0,0.0,22.0,0.2630966239813737
22.0,17.0,Dušan Vlahović,Juventus FC,Serbia,1.0,,,,,,,,0.0007,,,22.0,1.0,0.0,0.0,0.0,0.0,180.0,0.0,0.0,2.0,0.0,0.0,0.0,0.0,0.0,0.0,0.0,0.0,0.0,0.0,0.0,0.0,0.0,22.0,0.5157159487776485
22.0,17.0,Luis Díaz,FC Porto,Colombia,1.0,,,,,,,,0.0007,,,22.0,2.0,0.0,1.0,0.0,0.0,523.0,0.0,0.0,6.0,0.0,0.0,0.0,0.0,0.0,0.0,0.0,0.0,0.0,0.0,0.0,0.0,0.0,22.0,0.6589057043073342
22.0,17.0,Luis Díaz,Liverpool FC,Colombia,1.0,,,,,,,,0.0007,,,22.0,2.0,1.0,0.0,0.0,0.0,384.0,0.0,0.0,7.0,0.0,0.0,0.0,0.0,0.0,0.0,0.0,0.0,0.0,0.0,0.0,0.0,0.0,22.0,0.6589057043073342
22.0,20.0,Cristiano Ronaldo,Manchester United,Portugal,0.0,,,,,,,,0.0,,,22.0,6.0,0.0,1.0,0.0,0.0,611.0,0.0,0.0,7.0,0.0,0.0,0.0,0.0,0.0,0.0,0.0,0.0,0.0,0.0,0.0,0.0,0.0,22.0,0.0
22.0,21.0,Harry Kane,Tottenham Hotspur,England,0.0,,,,,,,,0.0,,,22.0,6.0,1.0,0.0,0.0,0.0,337.0,0.0,0.0,0.0,0.0,0.0,0.0,0.0,0.0,0.0,0.0,0.0,0.0,0.0,4.0,1.0,0.0,22.0,0.0
22.0,22.0,Bernardo Silva,Manchester City,Portugal,0.0,,,,,,,,0.0,,,22.0,3.0,3.0,0.0,0.0,0.0,880.0,0.0,0.0,11.0,0.0,0.0,0.0,0.0,0.0,0.0,0.0,0.0,0.0,0.0,0.0,0.0,0.0,22.0,0.0
22.0,22.0,Phil Foden,Manchester City,England,0.0,,,,,,,,0.0,,,22.0,3.0,2.0,1.0,0.0,0.0,658.0,0.0,0.0,11.0,0.0,0.0,0.0,0.0,0.0,0.0,0.0,0.0,0.0,0.0,0.0,0.0,0.0,22.0,0.4353899883585565
22.0,22.0,Trent Alexander-Arnold,Liverpool FC,England,0.0,,,,,,,,0.0,,,22.0,0.0,4.0,2.0,0.0,0.0,795.0,0.0,0.0,9.0,0.0,0.0,0.0,0.0,0.0,0.0,0.0,0.0,0.0,0.0,0.0,0.0,0.0,22.0,0.670547147846333
22.0,25.0,Antonio Rüdiger,Chelsea FC,Germany,0.0,,,,,,,,0.0,,,22.0,1.0,2.0,3.0,0.0,0.0,1170.0,0.0,0.0,9.0,0.0,0.0,2.0,1.0,0.0,0.0,0.0,0.0,0.0,0.0,0.0,0.0,0.0,22.0,0.2281722933643772
22.0,25.0,Christopher Nkunku,RB Leipzig,France,0.0,,,,,,,,0.0,,,22.0,11.0,2.0,0.0,0.0,0.0,1057.0,0.0,0.0,6.0,0.0,0.0,0.0,0.0,0.0,0.0,6.0,0.0,0.0,0.0,0.0,0.0,0.0,22.0,0.8172293364377183
22.0,25.0,Darwin Núñez,SL Benfica,Uruguay,0.0,,,,,,,,0.0,,,22.0,6.0,0.0,1.0,0.0,0.0,614.0,0.0,0.0,10.0,0.0,0.0,0.0,0.0,0.0,0.0,0.0,0.0,0.0,0.0,0.0,0.0,0.0,22.0,0.811408614668219
22.0,25.0,Joshua Kimmich,Bayern Munich,Germany,0.0,,,,,,,,0.0,,,22.0,0.0,0.0,1.0,0.0,0.0,702.0,0.0,0.0,8.0,0.0,0.0,0.0,0.0,0.0,0.0,0.0,0.0,0.0,0.0,0.0,0.0,0.0,,
22.0,25.0,João Cancelo,Manchester City,Portugal,0.0,,,,,,,,0.0,,,22.0,2.0,3.0,3.0,0.0,0.0,840.0,0.0,0.0,9.0,0.0,0.0,0.0,0.0,0.0,0.0,0.0,0.0,0.0,0.0,0.0,0.0,0.0,22.0,0.6274738067520372
22.0,25.0,Mike Maignan,AC Milan,France,0.0,,,,,,,,0.0,,,22.0,0.0,0.0,1.0,0.0,0.0,270.0,7.0,0.0,3.0,0.0,0.0,0.0,0.0,0.0,0.0,0.0,0.0,0.0,0.0,0.0,0.0,0.0,22.0,0.2584400465657742
23.0,1.0,Lionel Messi,Inter Miami CF,Argentina,462.0,,,,,,,,0.3139,,,23.0,10.0,1.0,1.0,0.0,0.0,594.0,0.0,0.0,0.0,0.0,0.0,0.0,0.0,0.0,0.0,0.0,0.0,0.0,0.0,0.0,0.0,7.0,23.0,0.37369033760186265
23.0,1.0,Lionel Messi,Paris Saint-Germain,Argentina,462.0,,,,,,,,0.3139,,,23.0,4.0,4.0,0.0,0.0,0.0,615.0,0.0,0.0,7.0,0.0,0.0,0.0,0.0,0.0,0.0,0.0,0.0,0.0,0.0,0.0,0.0,0.0,23.0,0.37369033760186265
23.0,2.0,Erling Haaland,Manchester City,Norway,357.0,,,,,,,,0.2425,,,23.0,12.0,1.0,1.0,0.0,0.0,846.0,0.0,0.0,11.0,0.0,0.0,0.0,0.0,0.0,0.0,0.0,0.0,0.0,0.0,0.0,0.0,0.0,23.0,0.5529685681024448
23.0,3.0,Kylian Mbappé,Paris Saint-Germain,France,270.0,,,,,,,,0.1834,,,23.0,7.0,3.0,0.0,0.0,0.0,652.0,0.0,0.0,8.0,0.0,0.0,0.0,0.0,0.0,0.0,0.0,0.0,0.0,0.0,0.0,0.0,0.0,23.0,0.2782305005820722
23.0,4.0,Kevin De Bruyne,Manchester City,Belgium,100.0,,,,,,,,0.0679,,,23.0,2.0,7.0,1.0,0.0,0.0,722.0,0.0,0.0,10.0,0.0,0.0,0.0,0.0,0.0,0.0,0.0,0.0,0.0,0.0,0.0,0.0,0.0,23.0,0.5762514551804424
23.0,5.0,Rodri,Manchester City,Spain,57.0,,,,,,,,0.0387,,,23.0,2.0,0.0,1.0,0.0,0.0,995.0,0.0,0.0,12.0,0.0,0.0,0.0,0.0,0.0,0.0,0.0,0.0,0.0,0.0,0.0,0.0,0.0,23.0,0.47497089639115253
23.0,6.0,Vinícius Júnior,Real Madrid,Brazil,49.0,,,,,,,,0.0333,,,23.0,10.0,7.0,1.0,0.0,0.0,1241.0,0.0,0.0,12.0,0.0,0.0,2.0,1.0,0.0,0.0,0.0,0.0,0.0,0.0,0.0,0.0,0.0,23.0,0.44935972060535506
23.0,7.0,Julián Álvarez,Manchester City,Argentina,28.0,,,,,,,,0.019,,,23.0,3.0,2.0,1.0,0.0,0.0,468.0,0.0,0.0,10.0,0.0,0.0,0.0,0.0,0.0,0.0,0.0,0.0,0.0,0.0,0.0,0.0,0.0,23.0,0.17345750873108268
23.0,8.0,Victor Osimhen,SSC Napoli,Nigeria,24.0,,,,,,,,0.0163,,,23.0,5.0,0.0,1.0,0.0,0.0,423.0,0.0,0.0,6.0,0.0,0.0,0.0,0.0,0.0,0.0,0.0,0.0,0.0,0.0,0.0,0.0,0.0,23.0,0.8742724097788127
23.0,9.0,Bernardo Silva,Manchester City,Portugal,20.0,,,,,,,,0.0136,,,23.0,3.0,1.0,2.0,0.0,0.0,907.0,0.0,0.0,13.0,0.0,0.0,0.0,0.0,0.0,0.0,0.0,0.0,0.0,0.0,0.0,0.0,0.0,23.0,0.0
23.0,10.0,Luka Modrić,Real Madrid,Croatia,19.0,,,,,,,,0.0129,,,23.0,2.0,1.0,0.0,0.0,0.0,981.0,0.0,0.0,10.0,0.0,0.0,2.0,1.0,0.0,0.0,0.0,0.0,0.0,0.0,0.0,0.0,0.0,23.0,0.16763678696158324
23.0,11.0,Mohamed Salah,Liverpool FC,Egypt,13.0,,,,,,,,0.0088,,,23.0,8.0,2.0,0.0,0.0,0.0,625.0,0.0,0.0,8.0,0.0,0.0,0.0,0.0,0.0,0.0,0.0,0.0,0.0,0.0,0.0,0.0,0.0,23.0,0.13154831199068684
23.0,12.0,Robert Lewandowski,FC Barcelona,Poland,12.0,,,,,,,,0.0082,,,23.0,6.0,0.0,1.0,0.0,0.0,622.0,0.0,0.0,5.0,0.0,0.0,0.0,0.0,0.0,0.0,2.0,0.0,0.0,0.0,0.0,0.0,0.0,23.0,0.2549476135040745
23.0,13.0,Yassine Bounou,Sevilla FC,Morocco,10.0,,,,,,,,0.0068,,,23.0,0.0,0.0,2.0,0.0,0.0,960.0,17.0,2.0,4.0,0.0,0.0,0.0,0.0,0.0,0.0,6.0,0.0,0.0,0.0,0.0,0.0,0.0,23.0,0.0931315483119907
23.0,14.0,İlkay Gündoğan,Manchester City,Germany,8.0,,,,,,,,0.0054,,,23.0,1.0,2.0,4.0,0.0,0.0,997.0,0.0,0.0,13.0,0.0,0.0,0.0,0.0,0.0,0.0,0.0,0.0,0.0,0.0,0.0,0.0,0.0,23.0,0.0
23.0,16.0,Karim Benzema,Real Madrid,France,6.0,,,,,,,,0.0041,,,23.0,6.0,2.0,0.0,0.0,0.0,898.0,0.0,0.0,10.0,0.0,0.0,1.0,1.0,0.0,0.0,0.0,0.0,0.0,0.0,0.0,0.0,0.0,23.0,0.3667054714784634
23.0,17.0,Khvicha Kvaratskhelia,SSC Napoli,Georgia,6.0,,,,,,,,0.0041,,,23.0,2.0,4.0,0.0,0.0,0.0,700.0,0.0,0.0,9.0,0.0,0.0,0.0,0.0,0.0,0.0,0.0,0.0,0.0,0.0,0.0,0.0,0.0,23.0,0.47962747380675214
23.0,18.0,Jude Bellingham,Borussia Dortmund,England,5.0,,,,,,,,0.0034,,,23.0,4.0,1.0,2.0,0.0,0.0,630.0,0.0,0.0,7.0,0.0,0.0,0.0,0.0,0.0,0.0,0.0,0.0,0.0,0.0,0.0,0.0,0.0,23.0,0.690337601862631
23.0,19.0,Harry Kane,Tottenham Hotspur,England,4.0,,,,,,,,0.0027,,,23.0,1.0,2.0,1.0,0.0,0.0,720.0,0.0,0.0,8.0,0.0,0.0,0.0,0.0,0.0,0.0,0.0,0.0,0.0,0.0,0.0,0.0,0.0,23.0,0.0
23.0,20.0,Lautaro Martínez,Inter Milan,Argentina,4.0,,,,,,,,0.0027,,,23.0,3.0,3.0,3.0,0.0,0.0,1002.0,0.0,0.0,13.0,0.0,0.0,0.0,0.0,0.0,0.0,0.0,0.0,0.0,0.0,0.0,0.0,0.0,,
23.0,21.0,Antoine Griezmann,Atlético de Madrid,France,4.0,,,,,,,,0.0027,,,23.0,1.0,1.0,0.0,0.0,0.0,405.0,0.0,0.0,6.0,0.0,0.0,0.0,0.0,0.0,0.0,0.0,0.0,0.0,0.0,0.0,0.0,0.0,23.0,0.07566938300349245
23.0,22.0,Kim Min-jae,SSC Napoli,South Korea,3.0,,,,,,,,0.002,,,23.0,0.0,0.0,3.0,0.0,0.0,786.0,0.0,0.0,9.0,0.0,0.0,0.0,0.0,0.0,0.0,0.0,0.0,0.0,0.0,0.0,0.0,0.0,23.0,0.5040745052386497
23.0,23.0,André Onana,Inter Milan,Cameroon,2.0,,,,,,,,0.0014,,,23.0,0.0,0.0,2.0,0.0,0.0,1170.0,11.0,8.0,13.0,0.0,0.0,0.0,0.0,0.0,0.0,0.0,0.0,0.0,0.0,0.0,0.0,0.0,23.0,0.5238649592549477
23.0,24.0,Bukayo Saka,Arsenal FC,England,1.0,,,,,,,,0.0007,,,23.0,1.0,0.0,1.0,0.0,0.0,401.0,0.0,0.0,0.0,0.0,0.0,0.0,0.0,0.0,0.0,8.0,0.0,0.0,0.0,0.0,0.0,0.0,23.0,0.27124563445867295
23.0,25.0,Joško Gvardiol,RB Leipzig,Croatia,1.0,,,,,,,,0.0007,,,23.0,2.0,0.0,0.0,0.0,0.0,540.0,0.0,0.0,6.0,0.0,0.0,0.0,0.0,0.0,0.0,0.0,0.0,0.0,0.0,0.0,0.0,0.0,23.0,0.0
23.0,26.0,Jamal Musiala,Bayern Munich,Germany,0.0,,,,,,,,0.0,,,23.0,0.0,2.0,0.0,0.0,0.0,532.0,0.0,0.0,9.0,0.0,0.0,0.0,0.0,0.0,0.0,0.0,0.0,0.0,0.0,0.0,0.0,0.0,23.0,0.3026775320139698
23.0,27.0,Nicolò Barella,Inter Milan,Italy,0.0,,,,,,,,0.0,,,23.0,3.0,0.0,3.0,0.0,0.0,997.0,0.0,0.0,12.0,0.0,0.0,0.0,0.0,0.0,0.0,0.0,0.0,0.0,0.0,0.0,0.0,0.0,23.0,0.10011641443539
23.0,28.0,Martin Ødegaard,Arsenal FC,Norway,0.0,,,,,,,,0.0,,,23.0,0.0,0.0,1.0,0.0,0.0,238.0,0.0,0.0,0.0,0.0,0.0,0.0,0.0,0.0,0.0,7.0,0.0,0.0,0.0,0.0,0.0,0.0,23.0,0.0
23.0,28.0,Randal Kolo Muani,Eintracht Frankfurt,France,0.0,,,,,,,,0.0,,,23.0,2.0,0.0,1.0,0.0,1.0,553.0,0.0,0.0,7.0,0.0,0.0,0.0,1.0,0.0,0.0,0.0,0.0,0.0,0.0,0.0,0.0,0.0,23.0,0.33993015133876603
23.0,30.0,Rúben Dias,Manchester City,Portugal,0.0,,,,,,,,0.0,,,23.0,1.0,0.0,2.0,0.0,0.0,1047.0,0.0,0.0,12.0,0.0,0.0,0.0,0.0,0.0,0.0,0.0,0.0,0.0,0.0,0.0,0.0,0.0,23.0,0.1769499417927823
